reg.coeff,SE,t_val,p_val,species,vessel_id,fishery_lab,coeff_norm,rank_coeff
17.21320345,1694.817866,0.010156374,0.991897015,Albatrosses,ETBF_1,Tuna longlines,0.492880487,83
18.00411586,1694.818929,0.010623032,0.991524718,Albatrosses,ETBF_2,Tuna longlines,0.515527364,90
19.15271474,1694.817768,0.011300752,0.990984041,Albatrosses,ETBF_3,Tuna longlines,0.548416185,116
-11.80818161,30016.06267,-3.93E-04,0.999686135,Albatrosses,ETBF_4,Tuna longlines,-0.486704169,57
18.71937942,1694.818454,0.011045065,0.991188024,Albatrosses,ETBF_5,Tuna longlines,0.536008122,108
-12.10863677,19343.16621,-6.26E-04,0.999500562,Albatrosses,ETBF_6,Tuna longlines,-0.49908819,51
19.06914755,1694.81794,0.011251443,0.991023378,Albatrosses,ETBF_7,Tuna longlines,0.546023334,115
-13.32636109,28192.74263,-4.73E-04,0.999622873,Albatrosses,ETBF_8,Tuna longlines,-0.549279788,29
19.29848714,1694.818476,0.011386758,0.990915426,Albatrosses,ETBF_9,Tuna longlines,0.552590212,119
17.11280308,1694.817901,0.010097134,0.991944276,Albatrosses,ETBF_10,Tuna longlines,0.490005637,82
19.44588677,1694.817866,0.011473732,0.990846039,Albatrosses,ETBF_11,Tuna longlines,0.556810833,122
18.81067989,1694.818021,0.011098938,0.991145045,Albatrosses,ETBF_12,Tuna longlines,0.538622407,109
18.27879669,1694.817833,0.01078511,0.991395413,Albatrosses,ETBF_13,Tuna longlines,0.523392537,96
-12.42777146,14734.39,-8.43E-04,0.999327062,Albatrosses,ETBF_14,Tuna longlines,-0.512242136,45
19.97003639,1694.818853,0.011782992,0.990599318,Albatrosses,ETBF_15,Tuna longlines,0.57181926,128
-12.9872348,16561.17358,-7.84E-04,0.999374339,Albatrosses,ETBF_16,Tuna longlines,-0.535301837,32
-13.50790831,12711.02422,-0.001062692,0.999152145,Albatrosses,ETBF_17,Tuna longlines,-0.556762717,27
17.28484761,1694.818995,0.010198639,0.991863295,Albatrosses,ETBF_18,Tuna longlines,0.494931936,84
-14.74611335,20124.32302,-7.33E-04,0.999415385,Albatrosses,ETBF_19,Tuna longlines,-0.60779848,8
18.81499366,1694.81777,0.011101485,0.991143013,Albatrosses,ETBF_20,Tuna longlines,0.538745927,110
18.16662107,1694.818035,0.010718921,0.991448218,Albatrosses,ETBF_21,Tuna longlines,0.520180515,94
16.30367883,1694.81811,0.009619722,0.992325154,Albatrosses,ETBF_22,Tuna longlines,0.466837285,80
18.93489205,1694.817886,0.011172228,0.991086575,Albatrosses,ETBF_23,Tuna longlines,0.542179081,112
19.36672745,1694.817851,0.011427026,0.990883301,Albatrosses,ETBF_24,Tuna longlines,0.554544196,121
-13.94193956,44492.59143,-3.13E-04,0.999749995,Albatrosses,ETBF_25,Tuna longlines,-0.574652417,18
-12.88493769,25640.56863,-5.03E-04,0.99959907,Albatrosses,ETBF_26,Tuna longlines,-0.531085403,35
-14.42906895,63008.94356,-2.29E-04,0.999817295,Albatrosses,ETBF_27,Tuna longlines,-0.594730691,13
-12.58037766,28103.32076,-4.48E-04,0.999642851,Albatrosses,ETBF_28,Tuna longlines,-0.518532188,41
-14.18359222,29001.81891,-4.89E-04,0.999609811,Albatrosses,ETBF_29,Tuna longlines,-0.584612744,16
-15.59976011,36301.64767,-4.30E-04,0.999657149,Albatrosses,ETBF_30,Tuna longlines,-0.642983697,2
19.93313037,1694.818531,0.011761218,0.990616688,Albatrosses,ETBF_31,Tuna longlines,0.570762499,127
-13.83057879,21045.02289,-6.57E-04,0.99947567,Albatrosses,ETBF_32,Tuna longlines,-0.5700624,20
18.0551779,1694.817846,0.010653167,0.991500676,Albatrosses,ETBF_33,Tuna longlines,0.516989467,91
18.85143058,1694.818489,0.011122979,0.991125865,Albatrosses,ETBF_34,Tuna longlines,0.539789256,111
18.07394275,1694.818482,0.010664235,0.991491846,Albatrosses,ETBF_35,Tuna longlines,0.517526777,92
-10.1513265,12062.09234,-8.42E-04,0.99932855,Albatrosses,ETBF_36,Tuna longlines,-0.418412681,76
18.28858567,1694.817944,0.010790885,0.991390806,Albatrosses,ETBF_37,Tuna longlines,0.523672833,97
-14.56685638,63008.94356,-2.31E-04,0.99981555,Albatrosses,ETBF_38,Tuna longlines,-0.600409949,12
17.61938036,1694.817825,0.010396032,0.991705816,Albatrosses,ETBF_39,Tuna longlines,0.504510901,86
-15.73663789,21970.11797,-7.16E-04,0.99942853,Albatrosses,ETBF_40,Tuna longlines,-0.648625462,1
-15.03118216,13557.59758,-0.001108691,0.999115446,Albatrosses,ETBF_41,Tuna longlines,-0.619548314,5
-12.05426362,4051.712856,-0.002975103,0.997626358,Albatrosses,ETBF_42,Tuna longlines,-0.496847063,52
-11.66649984,44561.58459,-2.62E-04,0.999791121,Albatrosses,ETBF_43,Tuna longlines,-0.480864395,59
-13.71995775,43713.45082,-3.14E-04,0.99974959,Albatrosses,ETBF_44,Tuna longlines,-0.565502873,23
-13.71295407,9698.056609,-0.00141399,0.998871868,Albatrosses,ETBF_45,Tuna longlines,-0.565214199,24
-11.08950582,17264.60039,-6.42E-04,0.999487529,Albatrosses,ETBF_46,Tuna longlines,-0.457082122,70
18.23345693,1694.818068,0.010758356,0.991416757,Albatrosses,ETBF_47,Tuna longlines,0.522094284,95
-12.95381059,28112.70878,-4.61E-04,0.999632372,Albatrosses,ETBF_48,Tuna longlines,-0.533924174,34
-14.61073609,26811.43918,-5.45E-04,0.999565224,Albatrosses,ETBF_49,Tuna longlines,-0.602218563,11
19.33275762,1694.817976,0.011406982,0.990899292,Albatrosses,ETBF_50,Tuna longlines,0.553571508,120
-11.63929037,14859.70077,-7.83E-04,0.999375072,Albatrosses,ETBF_51,Tuna longlines,-0.479742887,61
-12.19669474,14269.47036,-8.55E-04,0.999318057,Albatrosses,ETBF_52,Tuna longlines,-0.502717723,48
22.20716295,1694.81846,0.013102974,0.989546269,Albatrosses,ETBF_53,Tuna longlines,0.635876833,133
-14.35554591,9479.451364,-0.001514386,0.998791768,Albatrosses,ETBF_54,Tuna longlines,-0.591700252,14
-11.53170251,10590.65941,-0.001088856,0.999131271,Albatrosses,ETBF_55,Tuna longlines,-0.475308381,64
-12.83178353,28151.26554,-4.56E-04,0.999636334,Albatrosses,ETBF_56,Tuna longlines,-0.528894519,37
-13.02426872,23727.02333,-5.49E-04,0.999562051,Albatrosses,ETBF_57,Tuna longlines,-0.536828284,31
-11.84487106,10148.95133,-0.001167103,0.999068843,Albatrosses,ETBF_58,Tuna longlines,-0.488216417,56
-12.45108911,22047.55337,-5.65E-04,0.999549432,Albatrosses,ETBF_59,Tuna longlines,-0.513203232,43
16.91661161,1694.818635,0.00998137,0.992036632,Albatrosses,ETBF_60,Tuna longlines,0.484387918,81
-9.67013948,16748.87875,-5.77E-04,0.999539361,Albatrosses,ETBF_61,Tuna longlines,-0.398579337,78
-12.72118495,36321.2811,-3.50E-04,0.999720565,Albatrosses,ETBF_62,Tuna longlines,-0.524335918,39
-11.62799314,10247.54427,-0.00113471,0.999094687,Albatrosses,ETBF_63,Tuna longlines,-0.479277243,62
18.65425296,1694.818106,0.01100664,0.991218679,Albatrosses,ETBF_64,Tuna longlines,0.5341433,105
17.35664474,1694.817948,0.010241008,0.991829493,Albatrosses,ETBF_65,Tuna longlines,0.496987765,85
-12.20351343,8246.142848,-0.001479906,0.998819278,Albatrosses,ETBF_66,Tuna longlines,-0.502998772,47
21.9562812,1694.818412,0.012954946,0.989664361,Albatrosses,ETBF_67,Tuna longlines,0.62869312,132
21.00730439,1694.818073,0.01239502,0.990111055,Albatrosses,ETBF_68,Tuna longlines,0.601520249,131
-14.91193887,23854.3011,-6.25E-04,0.999501252,Albatrosses,ETBF_69,Tuna longlines,-0.6146334,6
-12.34545855,18093.76969,-6.82E-04,0.999455633,Albatrosses,ETBF_70,Tuna longlines,-0.508849401,46
-10.8191189,27107.53755,-3.99E-04,0.999681569,Albatrosses,ETBF_71,Tuna longlines,-0.445937439,73
-13.58193709,15810.05218,-8.59E-04,0.999314603,Albatrosses,ETBF_72,Tuna longlines,-0.559814002,26
-11.76991989,9571.128876,-0.001229732,0.999018876,Albatrosses,ETBF_73,Tuna longlines,-0.485127114,58
18.53676141,1694.817887,0.010937318,0.991273984,Albatrosses,ETBF_74,Tuna longlines,0.530779063,100
-13.88024067,10062.99371,-0.001379335,0.998899517,Albatrosses,ETBF_75,Tuna longlines,-0.57210934,19
-13.69499091,12241.54101,-0.001118731,0.999107436,Albatrosses,ETBF_76,Tuna longlines,-0.564473802,25
-9.678851663,22370.64327,-4.33E-04,0.999654809,Albatrosses,ETBF_77,Tuna longlines,-0.398938431,77
-14.05220337,27223.61487,-5.16E-04,0.999588175,Albatrosses,ETBF_78,Tuna longlines,-0.579197219,17
-11.27648027,7572.09853,-0.001489215,0.998811851,Albatrosses,ETBF_79,Tuna longlines,-0.464788749,67
-11.26036966,8126.077941,-0.001385708,0.998894432,Albatrosses,ETBF_80,Tuna longlines,-0.464124709,68
18.59606591,1694.818093,0.010972308,0.991246069,Albatrosses,ETBF_81,Tuna longlines,0.53247718,104
18.10197663,1694.81874,0.010680774,0.991478651,Albatrosses,ETBF_82,Tuna longlines,0.518329496,93
19.49268533,1694.817835,0.011501345,0.99082401,Albatrosses,ETBF_83,Tuna longlines,0.558150856,123
-13.42320595,5683.970045,-0.00236159,0.998115839,Albatrosses,ETBF_84,Tuna longlines,-0.553271495,28
18.5719938,1694.817845,0.010958106,0.991257399,Albatrosses,ETBF_85,Tuna longlines,0.531787902,103
-11.88928992,17316.88845,-6.87E-04,0.999452228,Albatrosses,ETBF_86,Tuna longlines,-0.490047253,54
-13.80952739,31497.61992,-4.38E-04,0.999650204,Albatrosses,ETBF_87,Tuna longlines,-0.569194713,22
-12.82405935,8913.856121,-0.001438666,0.99885218,Albatrosses,ETBF_88,Tuna longlines,-0.528576147,38
-12.51546957,27849.64761,-4.49E-04,0.999641457,Albatrosses,ETBF_89,Tuna longlines,-0.515856836,42
-14.66059725,16956.22142,-8.65E-04,0.999310179,Albatrosses,ETBF_90,Tuna longlines,-0.604273717,9
19.23662358,1694.818259,0.011350257,0.990944546,Albatrosses,ETBF_91,Tuna longlines,0.550818819,117
19.6848514,1694.817784,0.01161473,0.990733554,Albatrosses,ETBF_92,Tuna longlines,0.563653313,125
-15.08929747,15056.1483,-0.001002202,0.999200407,Albatrosses,ETBF_93,Tuna longlines,-0.621943684,3
20.75511248,1694.817747,0.012246221,0.990229763,Albatrosses,ETBF_94,Tuna longlines,0.594299021,130
19.86999345,1694.817799,0.01172397,0.990646404,Albatrosses,ETBF_95,Tuna longlines,0.568954645,126
-11.6624295,15204.75203,-7.67E-04,0.999388039,Albatrosses,ETBF_96,Tuna longlines,-0.480696625,60
-11.08881914,22013.22574,-5.04E-04,0.999598102,Albatrosses,ETBF_97,Tuna longlines,-0.457053819,71
-14.63966593,44542.54694,-3.29E-04,0.999737777,Albatrosses,ETBF_98,Tuna longlines,-0.60341098,10
-10.74781778,36109.58614,-2.98E-04,0.999762528,Albatrosses,ETBF_99,Tuna longlines,-0.442998582,75
-11.19148432,17718.56173,-6.32E-04,0.999496067,Albatrosses,ETBF_100,Tuna longlines,-0.461285425,69
18.55822534,1694.817913,0.010949982,0.99126388,Albatrosses,ETBF_101,Tuna longlines,0.531393658,102
-12.88084156,36315.42228,-3.55E-04,0.999717013,Albatrosses,ETBF_102,Tuna longlines,-0.53091657,36
18.31983092,1694.817828,0.010809322,0.991376098,Albatrosses,ETBF_103,Tuna longlines,0.524567505,98
20.40980176,1694.81806,0.012042474,0.990392308,Albatrosses,ETBF_104,Tuna longlines,0.584411441,129
17.81474204,1694.818416,0.010511298,0.991613858,Albatrosses,ETBF_105,Tuna longlines,0.51010486,87
-14.86359623,36391.42372,-4.08E-04,0.999674134,Albatrosses,ETBF_106,Tuna longlines,-0.612640835,7
19.60472615,1694.817843,0.011567453,0.99077127,Albatrosses,ETBF_107,Tuna longlines,0.561359018,124
18.97516855,1694.817873,0.011195993,0.991067616,Albatrosses,ETBF_108,Tuna longlines,0.543332352,113
-12.19300398,11482.15316,-0.001061909,0.99915277,Albatrosses,ETBF_109,Tuna longlines,-0.502565599,49
-11.4072022,8520.82573,-0.001338744,0.998931902,Albatrosses,ETBF_110,Tuna longlines,-0.470176784,65
-11.61286993,5580.742565,-0.002080883,0.998339797,Albatrosses,ETBF_111,Tuna longlines,-0.478653902,63
19.02408637,1694.817802,0.011224856,0.991044589,Albatrosses,ETBF_112,Tuna longlines,0.544733058,114
-13.82499011,10098.70915,-0.001368986,0.998907774,Albatrosses,ETBF_113,Tuna longlines,-0.569832049,21
-12.9770078,10161.81996,-0.001277036,0.998981135,Albatrosses,ETBF_114,Tuna longlines,-0.534880306,33
-12.16442596,36327.95469,-3.35E-04,0.999732844,Albatrosses,ETBF_115,Tuna longlines,-0.501387683,50
17.86751983,1694.817927,0.010542442,0.991589012,Albatrosses,ETBF_116,Tuna longlines,0.511616092,88
-10.80967385,7245.649024,-0.001491885,0.99880972,Albatrosses,ETBF_117,Tuna longlines,-0.445548137,74
17.9883065,1694.818462,0.010613707,0.991532157,Albatrosses,ETBF_118,Tuna longlines,0.515074681,89
-13.10554121,6478.016233,-0.002023079,0.998385915,Albatrosses,ETBF_119,Tuna longlines,-0.540178136,30
19.29014189,1694.817778,0.011381838,0.990919351,Albatrosses,ETBF_120,Tuna longlines,0.552351255,118
18.69335426,1694.817864,0.011029713,0.991200272,Albatrosses,ETBF_121,Tuna longlines,0.535262921,107
-11.35413596,31164.05116,-3.64E-04,0.999709321,Albatrosses,ETBF_122,Tuna longlines,-0.467989525,66
-14.27699701,25671.46286,-5.56E-04,0.999556289,Albatrosses,ETBF_123,Tuna longlines,-0.58846266,15
-11.95101774,12035.70664,-9.93E-04,0.999207778,Albatrosses,ETBF_124,Tuna longlines,-0.492591522,53
18.46389421,1694.818057,0.010894322,0.991308285,Albatrosses,ETBF_125,Tuna longlines,0.528692593,99
-11.87719644,21885.82718,-5.43E-04,0.999567023,Albatrosses,ETBF_126,Tuna longlines,-0.48954879,55
-11.02350284,20664.79342,-5.33E-04,0.999574399,Albatrosses,ETBF_127,Tuna longlines,-0.454361642,72
18.54635207,1694.818011,0.010942976,0.99126947,Albatrosses,ETBF_128,Tuna longlines,0.53105368,101
-12.59090569,17635.04364,-7.14E-04,0.999430368,Albatrosses,ETBF_129,Tuna longlines,-0.518966127,40
-12.43021851,14167.81622,-8.77E-04,0.999300014,Albatrosses,ETBF_130,Tuna longlines,-0.512342998,44
18.66942541,1694.818573,0.011015589,0.991211539,Albatrosses,ETBF_131,Tuna longlines,0.534577746,106
-15.0471194,17178.46758,-8.76E-04,0.999301152,Albatrosses,ETBF_132,Tuna longlines,-0.620205208,4
-9.14821086,20343.01175,-4.50E-04,0.999641215,Albatrosses,ETBF_133,Tuna longlines,-0.377066724,79
2.254976632,14.03004959,0.16072478,0.87231814,Shortfin makos,ETBF_1,Tuna longlines,0.064568689,107
1.709219461,14.03172129,0.121811104,0.903054627,Shortfin makos,ETBF_2,Tuna longlines,0.048941554,59
2.060001556,14.03007804,0.146827519,0.883275427,Shortfin makos,ETBF_3,Tuna longlines,0.0589858,90
3.539485185,14.03145445,0.25225362,0.800857759,Shortfin makos,ETBF_4,Tuna longlines,0.101349129,133
1.461044235,14.0359244,0.104093196,0.917100513,Shortfin makos,ETBF_5,Tuna longlines,0.041835339,46
2.244686612,14.03595212,0.159924072,0.872948814,Shortfin makos,ETBF_6,Tuna longlines,0.064274046,105
2.034608853,14.03037164,0.145014609,0.884706511,Shortfin makos,ETBF_7,Tuna longlines,0.058258709,86
-13.06852851,354.365955,-0.036878623,0.970583591,Shortfin makos,ETBF_8,Tuna longlines,-0.538652564,6
1.323454032,14.03072291,0.094325434,0.924855285,Shortfin makos,ETBF_9,Tuna longlines,0.0378956,37
2.039853672,14.03023808,0.145389812,0.8844103,Shortfin makos,ETBF_10,Tuna longlines,0.058408888,87
2.54620418,14.03057272,0.181475427,0.856003446,Shortfin makos,ETBF_11,Tuna longlines,0.072907658,122
1.456657826,14.03292547,0.103802862,0.917330904,Shortfin makos,ETBF_12,Tuna longlines,0.041709739,45
1.921396112,14.03016463,0.13694751,0.891079052,Shortfin makos,ETBF_13,Tuna longlines,0.055016991,74
2.011047856,14.03119866,0.143326875,0.88603912,Shortfin makos,ETBF_14,Tuna longlines,0.057584066,83
-13.16556673,730.8429223,-0.018014222,0.98562839,Shortfin makos,ETBF_15,Tuna longlines,-0.542652241,4
0.763330677,14.03182598,0.054399953,0.956619183,Shortfin makos,ETBF_16,Tuna longlines,0.021857105,24
2.199863479,14.03048563,0.156791685,0.875416795,Shortfin makos,ETBF_17,Tuna longlines,0.062990587,102
2.494733319,14.03199506,0.177788925,0.858897584,Shortfin makos,ETBF_18,Tuna longlines,0.071433849,121
0.529181581,14.03613532,0.037701374,0.969927628,Shortfin makos,ETBF_19,Tuna longlines,0.015152512,20
2.309199654,14.0300054,0.164590076,0.869274808,Shortfin makos,ETBF_20,Tuna longlines,0.066121304,111
2.612807684,14.03061578,0.186221883,0.852280035,Shortfin makos,ETBF_21,Tuna longlines,0.074814774,124
2.262952814,14.03013974,0.161292251,0.871871224,Shortfin makos,ETBF_22,Tuna longlines,0.064797078,108
1.934093304,14.03067301,0.137847508,0.890367749,Shortfin makos,ETBF_23,Tuna longlines,0.05538056,76
2.866034208,14.03049179,0.204271828,0.838151286,Shortfin makos,ETBF_24,Tuna longlines,0.082065627,127
-12.80277562,516.1646364,-0.024803667,0.980212781,Shortfin makos,ETBF_25,Tuna longlines,-0.527698884,10
-13.13724691,295.0508132,-0.044525371,0.964487811,Shortfin makos,ETBF_26,Tuna longlines,-0.541484967,5
-13.37592957,730.8429222,-0.018302058,0.985398782,Shortfin makos,ETBF_27,Tuna longlines,-0.551322879,2
1.839858723,14.03151537,0.131123309,0.895684236,Shortfin makos,ETBF_28,Tuna longlines,0.05268226,66
-12.95680229,359.9454245,-0.035996575,0.971286854,Shortfin makos,ETBF_29,Tuna longlines,-0.534047484,7
-12.7389675,420.0036329,-0.030330613,0.975804868,Shortfin makos,ETBF_30,Tuna longlines,-0.525068871,11
1.43028323,14.03291369,0.101923468,0.918822438,Shortfin makos,ETBF_31,Tuna longlines,0.040954532,43
2.909498,14.03035533,0.207371655,0.835729981,Shortfin makos,ETBF_32,Tuna longlines,0.083310163,129
2.397542541,14.03011446,0.170885458,0.864322317,Shortfin makos,ETBF_33,Tuna longlines,0.068650902,115
1.311260377,14.03151795,0.093451071,0.925549814,Shortfin makos,ETBF_34,Tuna longlines,0.037546448,36
2.335515029,14.0306007,0.166458663,0.867804272,Shortfin makos,ETBF_35,Tuna longlines,0.066874814,113
2.143615346,14.03042894,0.152783308,0.878576727,Shortfin makos,ETBF_36,Tuna longlines,0.061379985,97
2.870308885,14.03041281,0.20457765,0.837912337,Shortfin makos,ETBF_37,Tuna longlines,0.082188028,128
2.850960106,14.03602898,0.203117286,0.839053504,Shortfin makos,ETBF_38,Tuna longlines,0.081633997,126
1.92205829,14.03006477,0.136995682,0.891040977,Shortfin makos,ETBF_39,Tuna longlines,0.055035951,75
1.681357281,14.03201589,0.119822932,0.904629324,Shortfin makos,ETBF_40,Tuna longlines,0.048143752,55
2.651231732,14.03023276,0.188965627,0.850129169,Shortfin makos,ETBF_41,Tuna longlines,0.075915003,125
2.149033295,14.03007805,0.153173296,0.878269201,Shortfin makos,ETBF_42,Tuna longlines,0.061535122,99
1.692415316,14.03598336,0.120576897,0.904032115,Shortfin makos,ETBF_43,Tuna longlines,0.048460386,56
2.091076128,14.03606407,0.14897881,0.881577726,Shortfin makos,ETBF_44,Tuna longlines,0.059875585,91
2.226372681,14.03041026,0.158681937,0.873927334,Shortfin makos,ETBF_45,Tuna longlines,0.063749647,103
-12.37391726,204.7077117,-0.060446757,0.951802785,Shortfin makos,ETBF_46,Tuna longlines,-0.510022399,14
1.40002328,14.0304568,0.099784583,0.920520257,Shortfin makos,ETBF_47,Tuna longlines,0.040088073,41
2.236485235,14.03205946,0.159383962,0.873374274,Shortfin makos,ETBF_48,Tuna longlines,0.064039209,104
2.430601025,14.03150934,0.173224488,0.862483581,Shortfin makos,ETBF_49,Tuna longlines,0.069597494,116
2.369016132,14.0319967,0.168829582,0.86593907,Shortfin makos,ETBF_50,Tuna longlines,0.06783408,114
2.14504919,14.030535,0.152884348,0.87849705,Shortfin makos,ETBF_51,Tuna longlines,0.061421042,98
1.07404514,14.03149202,0.076545327,0.938989013,Shortfin makos,ETBF_52,Tuna longlines,0.03075406,26
3.249636042,14.03146008,0.231596428,0.816863112,Shortfin makos,ETBF_53,Tuna longlines,0.093049629,132
1.993293356,14.03033627,0.142070248,0.887031543,Shortfin makos,ETBF_54,Tuna longlines,0.057075686,81
0.754569498,14.03291219,0.053771412,0.957119923,Shortfin makos,ETBF_55,Tuna longlines,0.021606239,23
0.87920517,14.03596314,0.062639461,0.950056678,Shortfin makos,ETBF_56,Tuna longlines,0.025175039,25
1.77023646,14.03301975,0.126147935,0.899621048,Shortfin makos,ETBF_57,Tuna longlines,0.050688706,63
1.509683031,14.0311783,0.107594886,0.914322352,Shortfin makos,ETBF_58,Tuna longlines,0.043228055,48
1.508175121,14.03196229,0.107481412,0.914412363,Shortfin makos,ETBF_59,Tuna longlines,0.043184878,47
1.742076133,14.03067882,0.124161928,0.901193191,Shortfin makos,ETBF_60,Tuna longlines,0.049882367,62
1.904831722,14.03254213,0.13574388,0.892030463,Shortfin makos,ETBF_61,Tuna longlines,0.054542688,71
2.440722238,14.03600378,0.17389011,0.861960464,Shortfin makos,ETBF_62,Tuna longlines,0.069887303,117
0.38292569,14.03195355,0.027289549,0.978230129,Shortfin makos,ETBF_63,Tuna longlines,0.010964641,19
1.243555117,14.03049887,0.088632281,0.929378509,Shortfin makos,ETBF_64,Tuna longlines,0.035607785,33
2.01806229,14.0300735,0.143838326,0.885635251,Shortfin makos,ETBF_65,Tuna longlines,0.057784917,85
1.920503805,14.03026508,0.136882931,0.891130094,Shortfin makos,ETBF_66,Tuna longlines,0.05499144,73
3.040958401,14.03159436,0.216722229,0.828435674,Shortfin makos,ETBF_67,Tuna longlines,0.087074382,131
1.645160437,14.03032939,0.117257435,0.906661834,Shortfin makos,ETBF_68,Tuna longlines,0.047107296,52
-12.8294703,275.538864,-0.046561382,0.962865093,Shortfin makos,ETBF_69,Tuna longlines,-0.528799173,9
2.053393177,14.0322885,0.146333449,0.883665401,Shortfin makos,ETBF_70,Tuna longlines,0.058796576,88
0.669045139,14.04176237,0.047646807,0.962000063,Shortfin makos,ETBF_71,Tuna longlines,0.019157346,22
2.142333718,14.03044124,0.152691828,0.878648867,Shortfin makos,ETBF_72,Tuna longlines,0.061343287,96
2.014170132,14.03022373,0.143559374,0.885855523,Shortfin makos,ETBF_73,Tuna longlines,0.057673469,84
1.661129657,14.03024603,0.118396331,0.905759469,Shortfin makos,ETBF_74,Tuna longlines,0.047564557,54
1.299973384,14.03055787,0.092653008,0.926183786,Shortfin makos,ETBF_75,Tuna longlines,0.037223258,35
1.726123468,14.03084566,0.12302348,0.902094572,Shortfin makos,ETBF_76,Tuna longlines,0.049425581,60
0.59235405,14.0359288,0.042202697,0.966339181,Shortfin makos,ETBF_77,Tuna longlines,0.016961384,21
1.871323855,14.03603675,0.13332281,0.893944674,Shortfin makos,ETBF_78,Tuna longlines,0.053583229,68
2.152476178,14.0301453,0.153417953,0.878076286,Shortfin makos,ETBF_79,Tuna longlines,0.061633705,100
1.141301951,14.03066192,0.081343415,0.935172844,Shortfin makos,ETBF_80,Tuna longlines,0.032679882,29
1.357700005,14.03016751,0.09677005,0.922913769,Shortfin makos,ETBF_81,Tuna longlines,0.038876194,39
1.192023593,14.03066206,0.084958471,0.932298581,Shortfin makos,ETBF_82,Tuna longlines,0.034132239,31
1.809700389,14.03009549,0.128987033,0.897374276,Shortfin makos,ETBF_83,Tuna longlines,0.051818711,64
2.0911827,14.03014557,0.149049252,0.881522146,Shortfin makos,ETBF_84,Tuna longlines,0.059878636,92
1.13168075,14.03062666,0.080657891,0.935717988,Shortfin makos,ETBF_85,Tuna longlines,0.03240439,28
-11.43239585,223.4624088,-0.051160264,0.959200323,Shortfin makos,ETBF_86,Tuna longlines,-0.471215205,16
1.699154639,14.03597731,0.121057095,0.903651782,Shortfin makos,ETBF_87,Tuna longlines,0.048653359,58
1.657180306,14.03047026,0.118112955,0.905983981,Shortfin makos,ETBF_88,Tuna longlines,0.047451472,53
1.985102622,14.03593602,0.141430014,0.887537237,Shortfin makos,ETBF_89,Tuna longlines,0.056841154,80
2.174732511,14.03021796,0.155003473,0.876826257,Shortfin makos,ETBF_90,Tuna longlines,0.06227099,101
1.085356789,14.03092496,0.077354614,0.938345243,Shortfin makos,ETBF_91,Tuna longlines,0.031077956,27
1.69804753,14.03034437,0.121026789,0.903675785,Shortfin makos,ETBF_92,Tuna longlines,0.048621658,57
1.603543327,14.03020457,0.114292227,0.909011776,Shortfin makos,ETBF_93,Tuna longlines,0.045915638,51
1.879703642,14.03006346,0.133976845,0.893427501,Shortfin makos,ETBF_94,Tuna longlines,0.053823174,70
1.823416747,14.03017842,0.129963903,0.896601401,Shortfin makos,ETBF_95,Tuna longlines,0.052211463,65
1.967886327,14.03097519,0.140252997,0.888467033,Shortfin makos,ETBF_96,Tuna longlines,0.056348185,77
1.877893281,14.03233021,0.133826189,0.893546627,Shortfin makos,ETBF_97,Tuna longlines,0.053771337,69
-14.04091607,514.5337443,-0.02728862,0.97823087,Shortfin makos,ETBF_98,Tuna longlines,-0.578731985,1
1.592013568,14.03598615,0.113423706,0.909700235,Shortfin makos,ETBF_99,Tuna longlines,0.045585496,50
1.326306954,14.03100298,0.094526881,0.924695278,Shortfin makos,ETBF_100,Tuna longlines,0.03797729,38
1.53247383,14.03006734,0.109227831,0.913027165,Shortfin makos,ETBF_101,Tuna longlines,0.043880644,49
-12.54843489,421.0652365,-0.029801641,0.97622671,Shortfin makos,ETBF_102,Tuna longlines,-0.517215586,13
2.275749485,14.03009417,0.162204862,0.871152575,Shortfin makos,ETBF_103,Tuna longlines,0.065163496,109
2.298788071,14.03042488,0.163843083,0.869862801,Shortfin makos,ETBF_104,Tuna longlines,0.06582318,110
1.995426613,14.03018554,0.142223822,0.886910248,Shortfin makos,ETBF_105,Tuna longlines,0.05713677,82
-12.9226918,417.5959497,-0.030945443,0.975314564,Shortfin makos,ETBF_106,Tuna longlines,-0.532641534,8
2.315163952,14.03009407,0.165014143,0.868941036,Shortfin makos,ETBF_107,Tuna longlines,0.066292084,112
3.002476078,14.03029694,0.213999468,0.830558181,Shortfin makos,ETBF_108,Tuna longlines,0.085972485,130
1.917958053,14.03056932,0.136698519,0.891275854,Shortfin makos,ETBF_109,Tuna longlines,0.054918546,72
1.735274479,14.03038202,0.123679774,0.901574927,Shortfin makos,ETBF_110,Tuna longlines,0.049687609,61
1.429731494,14.03013487,0.10190433,0.918837628,Shortfin makos,ETBF_111,Tuna longlines,0.040938734,42
1.373537297,14.03021858,0.097898496,0.92201771,Shortfin makos,ETBF_112,Tuna longlines,0.039329677,40
0.090746646,14.0329409,0.006466688,0.994840682,Shortfin makos,ETBF_113,Tuna longlines,0.002598427,17
2.12628551,14.03037375,0.151548743,0.879550366,Shortfin makos,ETBF_114,Tuna longlines,0.060883765,94
-12.12038127,413.4461855,-0.029315499,0.976614402,Shortfin makos,ETBF_115,Tuna longlines,-0.499572269,15
2.108267291,14.03004357,0.15026805,0.880560577,Shortfin makos,ETBF_116,Tuna longlines,0.060367834,93
1.845074443,14.03019118,0.131507434,0.895380399,Shortfin makos,ETBF_117,Tuna longlines,0.052831606,67
1.455563478,14.03062174,0.103741909,0.917379274,Shortfin makos,ETBF_118,Tuna longlines,0.041678403,44
1.981430047,14.03002578,0.141227827,0.887696946,Shortfin makos,ETBF_119,Tuna longlines,0.056735994,79
1.975709173,14.03002764,0.140820049,0.888019066,Shortfin makos,ETBF_120,Tuna longlines,0.056572183,78
2.48253941,14.03004483,0.17694451,0.859560771,Shortfin makos,ETBF_121,Tuna longlines,0.07108469,119
2.482475613,14.03149771,0.176921642,0.859578733,Shortfin makos,ETBF_122,Tuna longlines,0.071082863,118
-13.21481843,297.9502263,-0.044352436,0.964625648,Shortfin makos,ETBF_123,Tuna longlines,-0.544682274,3
2.058197124,14.03082122,0.146691137,0.883383072,Shortfin makos,ETBF_124,Tuna longlines,0.058934132,89
1.271059559,14.03055989,0.090592219,0.927821068,Shortfin makos,ETBF_125,Tuna longlines,0.036395344,34
2.573533296,14.03157096,0.183410204,0.854485296,Shortfin makos,ETBF_126,Tuna longlines,0.073690197,123
1.184355614,14.03205348,0.084403585,0.932739704,Shortfin makos,ETBF_127,Tuna longlines,0.033912675,30
2.247351394,14.03009721,0.160180743,0.872746639,Shortfin makos,ETBF_128,Tuna longlines,0.064350349,106
2.131268981,14.03149924,0.15189175,0.879279835,Shortfin makos,ETBF_129,Tuna longlines,0.061026461,95
2.482575497,14.03063131,0.176939686,0.85956456,Shortfin makos,ETBF_130,Tuna longlines,0.071085723,120
1.240129849,14.03099474,0.088385027,0.929575005,Shortfin makos,ETBF_131,Tuna longlines,0.035509707,32
0.300363112,14.03594378,0.021399566,0.982927967,Shortfin makos,ETBF_132,Tuna longlines,0.008600556,18
-12.69712203,231.7571741,-0.054786317,0.956311388,Shortfin makos,ETBF_133,Tuna longlines,-0.523344103,12
-15.9141105,2103.152653,-0.007566788,0.993963003,Petrels,ETBF_1,Tuna longlines,-0.655940446,31
-18.78439324,4689.720318,-0.00400544,0.996804325,Petrels,ETBF_2,Tuna longlines,-0.774246433,11
25.42666468,537.6632555,0.047291059,0.962283562,Petrels,ETBF_3,Tuna longlines,0.7280636,97
25.44661876,537.6699875,0.047327579,0.962254458,Petrels,ETBF_4,Tuna longlines,0.728634963,98
-17.87849714,8351.235697,-0.002140821,0.998291978,Petrels,ETBF_5,Tuna longlines,-0.736907626,15
-13.86788199,6610.436256,-0.002097877,0.99832624,Petrels,ETBF_6,Tuna longlines,-0.571599946,52
-16.1595643,4201.499173,-0.003846142,0.996931417,Petrels,ETBF_7,Tuna longlines,-0.666057448,28
-16.66812555,9333.094458,-0.001785916,0.998575133,Petrels,ETBF_8,Tuna longlines,-0.68701909,26
-13.67274572,3626.422877,-0.003770312,0.996991917,Petrels,ETBF_9,Tuna longlines,-0.56355691,55
25.44807393,537.6634,0.047330865,0.962251839,Petrels,ETBF_10,Tuna longlines,0.72867663,99
25.54029241,537.6638998,0.047502338,0.962115185,Petrels,ETBF_11,Tuna longlines,0.731317201,100
25.75776359,537.6643765,0.04790677,0.961792882,Petrels,ETBF_12,Tuna longlines,0.737544241,102
26.78278576,537.6637333,0.049813264,0.960273628,Petrels,ETBF_13,Tuna longlines,0.766894584,111
-14.37636108,4551.565106,-0.003158553,0.997479997,Petrels,ETBF_14,Tuna longlines,-0.592558202,44
-20.60466438,18642.94426,-0.001105226,0.999118211,Petrels,ETBF_15,Tuna longlines,-0.849273527,3
24.13591875,537.6688655,0.044889932,0.964197233,Petrels,ETBF_16,Tuna longlines,0.69110456,92
-15.22337876,4201.499595,-0.00362332,0.997109192,Petrels,ETBF_17,Tuna longlines,-0.627470185,35
-19.24505362,8351.235696,-0.002304456,0.998161424,Petrels,ETBF_18,Tuna longlines,-0.793233719,8
27.60711824,537.6643426,0.051346381,0.959052017,Petrels,ETBF_19,Tuna longlines,0.790498406,117
26.56239763,537.6630224,0.04940343,0.960600206,Petrels,ETBF_20,Tuna longlines,0.760584021,110
25.77777302,537.6651808,0.047943914,0.961763282,Petrels,ETBF_21,Tuna longlines,0.738117188,103
27.01236156,537.6633481,0.050240288,0.959933359,Petrels,ETBF_22,Tuna longlines,0.773468226,112
26.02097466,537.6645627,0.048396298,0.961402771,Petrels,ETBF_23,Tuna longlines,0.74508099,105
30.93682675,537.6627361,0.057539466,0.954118279,Petrels,ETBF_24,Tuna longlines,0.885840819,130
-15.51708492,13188.03337,-0.001176603,0.999061264,Petrels,ETBF_25,Tuna longlines,-0.63957603,33
-17.2598955,7626.759575,-0.002263071,0.998194443,Petrels,ETBF_26,Tuna longlines,-0.71141039,21
-8.200041769,18642.94434,-4.40E-04,0.999649074,Petrels,ETBF_27,Tuna longlines,-0.337985529,77
-16.51578215,8351.235717,-0.001977645,0.998422165,Petrels,ETBF_28,Tuna longlines,-0.68073987,27
-14.78872569,9333.094461,-0.001584547,0.998735792,Petrels,ETBF_29,Tuna longlines,-0.609554856,38
-21.31523916,10772.45763,-0.001978679,0.99842134,Petrels,ETBF_30,Tuna longlines,-0.87856167,2
29.87552817,537.6670056,0.055565113,0.95569097,Petrels,ETBF_31,Tuna longlines,0.855451742,127
-11.29491699,6234.955376,-0.001811547,0.998554683,Petrels,ETBF_32,Tuna longlines,-0.465548665,67
25.97778675,537.6642464,0.048316002,0.96146676,Petrels,ETBF_33,Tuna longlines,0.743844354,104
-16.71061686,4689.720075,-0.003563244,0.997157122,Petrels,ETBF_34,Tuna longlines,-0.688770477,25
-19.16066908,3444.526079,-0.005562643,0.995561947,Petrels,ETBF_35,Tuna longlines,-0.789755596,9
-1.846977552,3765.627788,-4.90E-04,0.999608675,Petrels,ETBF_36,Tuna longlines,-0.076127867,83
25.4137751,537.6662722,0.04726682,0.962302879,Petrels,ETBF_37,Tuna longlines,0.727694522,96
-18.56820792,18642.94426,-9.96E-04,0.999205363,Petrels,ETBF_38,Tuna longlines,-0.765335807,13
26.46199607,537.6631581,0.049216681,0.96074902,Petrels,ETBF_39,Tuna longlines,0.757709136,108
-17.91150789,6610.436181,-0.00270958,0.997838202,Petrels,ETBF_40,Tuna longlines,-0.738268248,14
24.2454838,537.6648408,0.045094047,0.964034547,Petrels,ETBF_41,Tuna longlines,0.69424183,93
-15.22068041,1396.663237,-0.010897889,0.991305446,Petrels,ETBF_42,Tuna longlines,-0.627358966,36
-7.791937311,13188.03341,-5.91E-04,0.999528612,Petrels,ETBF_43,Tuna longlines,-0.321164468,78
-15.05130865,13188.03337,-0.001141285,0.999089442,Petrels,ETBF_44,Tuna longlines,-0.620377879,37
-17.84935747,3110.428328,-0.005738553,0.995421602,Petrels,ETBF_45,Tuna longlines,-0.735706561,16
-15.96257706,5406.317742,-0.002952578,0.997644331,Petrels,ETBF_46,Tuna longlines,-0.657938119,30
-13.96497987,2390.644092,-0.005841514,0.995339458,Petrels,ETBF_47,Tuna longlines,-0.575602082,48
-13.91757533,8351.235746,-0.001666529,0.998670384,Petrels,ETBF_48,Tuna longlines,-0.573648183,51
-15.2481344,8351.235723,-0.001825854,0.998543269,Petrels,ETBF_49,Tuna longlines,-0.628490552,34
-17.84449054,7626.759577,-0.002339721,0.998133288,Petrels,ETBF_50,Tuna longlines,-0.735505958,17
-10.73565524,4551.564954,-0.002358673,0.998118168,Petrels,ETBF_51,Tuna longlines,-0.442497273,72
-11.25170091,4308.8821,-0.002611281,0.997916629,Petrels,ETBF_52,Tuna longlines,-0.463767404,68
27.19057684,537.6666974,0.050571436,0.959669493,Petrels,ETBF_53,Tuna longlines,0.778571217,114
26.38277836,537.663517,0.049069311,0.960866455,Petrels,ETBF_54,Tuna longlines,0.755440827,107
-10.64359731,3337.855224,-0.003188753,0.997455903,Petrels,ETBF_55,Tuna longlines,-0.438702871,73
-16.93904837,8351.235726,-0.002028328,0.998381728,Petrels,ETBF_56,Tuna longlines,-0.698185862,23
-17.4265197,7063.931025,-0.002466972,0.998031763,Petrels,ETBF_57,Tuna longlines,-0.718278229,19
-17.41667417,3240.819824,-0.005374157,0.995712326,Petrels,ETBF_58,Tuna longlines,-0.717872421,20
-11.24308491,6610.436191,-0.001700808,0.998643035,Petrels,ETBF_59,Tuna longlines,-0.463412274,69
27.3737829,537.6657173,0.050912271,0.959397912,Petrels,ETBF_60,Tuna longlines,0.783817114,116
2.863300379,5196.37782,5.51E-04,0.999560378,Petrels,ETBF_61,Tuna longlines,0.081987347,87
-14.5666558,10772.45764,-0.001352213,0.998921156,Petrels,ETBF_62,Tuna longlines,-0.600401682,41
-13.46835335,3240.822642,-0.004155844,0.996684328,Petrels,ETBF_63,Tuna longlines,-0.55513236,56
24.78698301,537.6661771,0.046101064,0.963231948,Petrels,ETBF_64,Tuna longlines,0.709747044,94
25.40978979,537.6638235,0.047259623,0.962308615,Petrels,ETBF_65,Tuna longlines,0.727580407,95
26.47239138,537.6634174,0.049235991,0.960733632,Petrels,ETBF_66,Tuna longlines,0.758006794,109
-7.133963289,9333.094517,-7.64E-04,0.999390156,Petrels,ETBF_67,Tuna longlines,-0.294044399,79
-13.27927542,3152.059347,-0.004212889,0.996638816,Petrels,ETBF_68,Tuna longlines,-0.547339033,58
-16.00200307,7063.931103,-0.002265311,0.998192655,Petrels,ETBF_69,Tuna longlines,-0.659563162,29
-17.55799084,5644.387491,-0.003110699,0.997518177,Petrels,ETBF_70,Tuna longlines,-0.723697146,18
3.040396704,8351.240519,3.64E-04,0.999709536,Petrels,ETBF_71,Tuna longlines,0.087058299,88
-14.69273177,4841.532563,-0.003034727,0.997578789,Petrels,ETBF_72,Tuna longlines,-0.605598223,39
27.26865796,537.6709264,0.050716259,0.959554096,Petrels,ETBF_73,Tuna longlines,0.780806981,115
31.12092822,537.6627327,0.057881877,0.953845546,Petrels,ETBF_74,Tuna longlines,0.891112355,131
-19.60543448,3152.059362,-0.006219881,0.995037588,Petrels,ETBF_75,Tuna longlines,-0.808087731,6
30.72222427,537.6650183,0.057140084,0.954436397,Petrels,ETBF_76,Tuna longlines,0.879695921,129
-2.466384858,7063.933404,-3.49E-04,0.999721434,Petrels,ETBF_77,Tuna longlines,-0.10165831,82
28.05564269,537.6651743,0.052180509,0.95838741,Petrels,ETBF_78,Tuna longlines,0.803341393,118
-10.17262784,2445.823403,-0.004159183,0.996681664,Petrels,ETBF_79,Tuna longlines,-0.419290669,76
-4.858485288,2689.706227,-0.001806326,0.99855885,Petrels,ETBF_80,Tuna longlines,-0.2002548,81
-11.72415946,2036.575646,-0.0057568,0.995407044,Petrels,ETBF_81,Tuna longlines,-0.483240982,64
26.36660373,537.6647736,0.049039113,0.960890519,Petrels,ETBF_82,Tuna longlines,0.754977685,106
27.09061655,537.6654053,0.050385642,0.959817538,Petrels,ETBF_83,Tuna longlines,0.775708968,113
-17.13691313,1848.686551,-0.009269778,0.992604345,Petrels,ETBF_84,Tuna longlines,-0.70634136,22
28.34022929,537.6627981,0.052710043,0.95796551,Petrels,ETBF_85,Tuna longlines,0.811490206,120
34.92368616,537.6643011,0.064954445,0.948213445,Petrels,ETBF_86,Tuna longlines,1,133
-13.26034152,9333.094507,-0.001420787,0.998866445,Petrels,ETBF_87,Tuna longlines,-0.546558624,59
-14.01479149,2742.968944,-0.005109351,0.995923594,Petrels,ETBF_88,Tuna longlines,-0.577655194,46
-13.95799485,8351.235706,-0.001671369,0.998666523,Petrels,ETBF_89,Tuna longlines,-0.575314176,50
-12.19420952,5196.362145,-0.002346682,0.998127735,Petrels,ETBF_90,Tuna longlines,-0.502615288,62
-20.29578949,3922.727333,-0.005173898,0.995872098,Petrels,ETBF_91,Tuna longlines,-0.836542465,4
28.619085,537.6627277,0.053228694,0.957552292,Petrels,ETBF_92,Tuna longlines,0.819474922,122
-13.95799491,4551.565136,-0.003066636,0.997553332,Petrels,ETBF_93,Tuna longlines,-0.575314179,49
30.71117438,537.6626524,0.057119784,0.954452566,Petrels,ETBF_94,Tuna longlines,0.87937952,128
29.71926867,537.6627621,0.055274925,0.955922138,Petrels,ETBF_95,Tuna longlines,0.850977429,126
-14.32978369,4689.720108,-0.003055573,0.997562158,Petrels,ETBF_96,Tuna longlines,-0.590638397,45
4.465981364,6610.448555,6.76E-04,0.999460987,Petrels,ETBF_97,Tuna longlines,0.127878293,89
-10.74265295,13188.0334,-8.15E-04,0.999350102,Petrels,ETBF_98,Tuna longlines,-0.442785701,71
1.949652292,10772.4597,1.81E-04,0.999855604,Petrels,ETBF_99,Tuna longlines,0.055826074,86
-1.035507441,5406.325158,-1.92E-04,0.999847185,Petrels,ETBF_100,Tuna longlines,-0.042681067,84
-11.44719452,2246.37704,-0.005095847,0.995934368,Petrels,ETBF_101,Tuna longlines,-0.47182517,65
-13.82781214,10772.4576,-0.001283627,0.998975877,Petrels,ETBF_102,Tuna longlines,-0.569948366,53
29.47553268,537.6626133,0.054821615,0.956283257,Petrels,ETBF_103,Tuna longlines,0.843998327,125
-18.83872033,2615.598114,-0.007202452,0.994253675,Petrels,ETBF_104,Tuna longlines,-0.776485662,10
-14.50884774,2408.590345,-0.006023792,0.995194032,Petrels,ETBF_105,Tuna longlines,-0.598018976,42
-19.54695718,10772.45759,-0.001814531,0.998552303,Petrels,ETBF_106,Tuna longlines,-0.805677441,7
22.8319195,537.6660646,0.04246487,0.966130188,Petrels,ETBF_107,Tuna longlines,0.653766026,91
25.63195113,537.6635726,0.047672843,0.961979304,Petrels,ETBF_108,Tuna longlines,0.733941744,101
-12.69960655,3626.422795,-0.003501965,0.997206012,Petrels,ETBF_109,Tuna longlines,-0.523446509,61
-10.46221665,2689.700206,-0.003889733,0.996896639,Petrels,ETBF_110,Tuna longlines,-0.431226807,74
-13.12716383,1872.045668,-0.007012203,0.994405459,Petrels,ETBF_111,Tuna longlines,-0.541069367,60
-15.73160924,2177.444661,-0.007224803,0.994235843,Petrels,ETBF_112,Tuna longlines,-0.648418194,32
-21.38121122,3070.467878,-0.006963503,0.994444313,Petrels,ETBF_113,Tuna longlines,-0.881280875,1
28.20281218,537.6630872,0.052454433,0.958169164,Petrels,ETBF_114,Tuna longlines,0.807555424,119
-16.9168602,10772.45761,-0.001570381,0.998747095,Petrels,ETBF_115,Tuna longlines,-0.69727132,24
29.10807686,537.6626584,0.054138178,0.956827718,Petrels,ETBF_116,Tuna longlines,0.833476648,124
-14.63316238,2356.008048,-0.006210998,0.995044675,Petrels,ETBF_117,Tuna longlines,-0.603142919,40
-11.42684516,4551.564978,-0.002510531,0.997997011,Petrels,ETBF_118,Tuna longlines,-0.470986419,66
-10.29955565,2047.192138,-0.005031064,0.995986054,Petrels,ETBF_119,Tuna longlines,-0.424522322,75
28.61177371,537.6632054,0.053215049,0.957563163,Petrels,ETBF_120,Tuna longlines,0.819265572,121
29.08197211,537.6630209,0.05408959,0.956866427,Petrels,ETBF_121,Tuna longlines,0.832729168,123
-6.813863843,9333.094586,-7.30E-04,0.99941752,Petrels,ETBF_122,Tuna longlines,-0.280850688,80
-11.76030328,7626.759618,-0.001541979,0.998769754,Petrels,ETBF_123,Tuna longlines,-0.484730742,63
-11.19256622,4009.250959,-0.002791685,0.997772697,Petrels,ETBF_124,Tuna longlines,-0.461330018,70
-19.83130425,2715.921484,-0.007301869,0.994174359,Petrels,ETBF_125,Tuna longlines,-0.817397527,5
-14.50828646,6610.436189,-0.002194755,0.998248947,Petrels,ETBF_126,Tuna longlines,-0.597995841,43
0.863113217,6234.961798,1.38E-04,0.999889555,Petrels,ETBF_127,Tuna longlines,0.024714264,85
31.77876539,537.665331,0.059105104,0.95287128,Petrels,ETBF_128,Tuna longlines,0.909948774,132
-13.983216,5406.317732,-0.002586458,0.997936433,Petrels,ETBF_129,Tuna longlines,-0.57635373,47
-13.67710615,4308.882088,-0.003174166,0.997467541,Petrels,ETBF_130,Tuna longlines,-0.563736636,54
-13.42775175,3693.999207,-0.003635017,0.997099859,Petrels,ETBF_131,Tuna longlines,-0.553458862,57
-18.70751071,5196.362208,-0.003600117,0.997127704,Petrels,ETBF_132,Tuna longlines,-0.771077524,12
5.197014131,6234.976141,8.34E-04,0.999334983,Petrels,ETBF_133,Tuna longlines,0.148810584,90
14.75958529,647.6390902,0.022789831,0.981819025,Shearwaters,ETBF_1,Tuna longlines,0.422623924,90
13.36856976,647.6398732,0.020641981,0.983532253,Shearwaters,ETBF_2,Tuna longlines,0.382793778,77
14.63215401,647.6389474,0.022593073,0.981975965,Shearwaters,ETBF_3,Tuna longlines,0.418975075,89
11.40849129,647.6423256,0.01761542,0.98594651,Shearwaters,ETBF_4,Tuna longlines,0.326669162,64
15.00263123,647.6402062,0.023165071,0.981519724,Shearwaters,ETBF_5,Tuna longlines,0.429583268,98
14.61498924,647.6431204,0.022566424,0.981997221,Shearwaters,ETBF_6,Tuna longlines,0.418483581,88
13.72044745,647.6404874,0.021185284,0.983098881,Shearwaters,ETBF_7,Tuna longlines,0.392869395,79
-21.52975742,12919.07264,-0.00166651,0.998670399,Shearwaters,ETBF_8,Tuna longlines,-0.887403584,4
-19.64569114,4416.45416,-0.004448295,0.996451001,Shearwaters,ETBF_9,Tuna longlines,-0.809747012,13
15.13502589,647.6389942,0.023369541,0.981356635,Shearwaters,ETBF_10,Tuna longlines,0.433374238,102
16.01254729,647.6390492,0.024724493,0.980275918,Shearwaters,ETBF_11,Tuna longlines,0.458501065,116
19.14934595,647.6388525,0.029567939,0.97641307,Shearwaters,ETBF_12,Tuna longlines,0.548319724,133
14.38005318,647.639355,0.022203798,0.982286465,Shearwaters,ETBF_13,Tuna longlines,0.411756454,85
15.56141319,647.6404875,0.024027857,0.980831554,Shearwaters,ETBF_14,Tuna longlines,0.445583353,110
16.05656531,647.6442633,0.024792261,0.980221867,Shearwaters,ETBF_15,Tuna longlines,0.459761471,117
15.08540376,647.639665,0.023292897,0.981417768,Shearwaters,ETBF_16,Tuna longlines,0.431953365,100
-17.37328859,3739.515234,-0.004645867,0.996293373,Shearwaters,ETBF_17,Tuna longlines,-0.716084174,32
17.65912515,647.6392742,0.027266915,0.978248168,Shearwaters,ETBF_18,Tuna longlines,0.505648947,128
14.86806157,647.6395897,0.022957308,0.981685441,Shearwaters,ETBF_19,Tuna longlines,0.425730019,93
16.44175056,647.6388653,0.02538722,0.979747336,Shearwaters,ETBF_20,Tuna longlines,0.470790812,120
14.76161163,647.6394755,0.022792946,0.98181654,Shearwaters,ETBF_21,Tuna longlines,0.422681946,91
14.2923744,647.639302,0.022068417,0.98239445,Shearwaters,ETBF_22,Tuna longlines,0.409245872,84
17.30155949,647.6389591,0.026714822,0.978688487,Shearwaters,ETBF_23,Tuna longlines,0.495410462,127
16.5789777,647.6389813,0.025599104,0.979578343,Shearwaters,ETBF_24,Tuna longlines,0.474720155,124
-21.39219083,18730.64751,-0.001142096,0.999088795,Shearwaters,ETBF_25,Tuna longlines,-0.881733428,6
16.17388749,647.6397908,0.024973585,0.980077244,Shearwaters,ETBF_26,Tuna longlines,0.463120858,119
-12.05812764,26624.99113,-4.53E-04,0.99963867,Shearwaters,ETBF_27,Tuna longlines,-0.497006328,56
-21.17206509,11891.10597,-0.001780496,0.998579457,Shearwaters,ETBF_28,Tuna longlines,-0.872660387,7
-18.61852627,11039.06988,-0.001686603,0.998654368,Shearwaters,ETBF_29,Tuna longlines,-0.767409805,24
-19.87048242,15326.49516,-0.001296479,0.998965622,Shearwaters,ETBF_30,Tuna longlines,-0.819012354,12
18.82310361,647.6394421,0.029064171,0.976814821,Shearwaters,ETBF_31,Tuna longlines,0.538978146,131
-17.48887384,8520.126081,-0.002052654,0.998362319,Shearwaters,ETBF_32,Tuna longlines,-0.720848313,31
-20.61094118,3697.866801,-0.005573738,0.995553094,Shearwaters,ETBF_33,Tuna longlines,-0.849532241,8
12.29848097,647.6408066,0.018989663,0.984850272,Shearwaters,ETBF_34,Tuna longlines,0.352153003,68
12.22509837,647.6398575,0.018876384,0.984940635,Shearwaters,ETBF_35,Tuna longlines,0.350051776,67
-12.65188075,5020.059888,-0.002520265,0.997989244,Shearwaters,ETBF_36,Tuna longlines,-0.521479369,53
13.86851607,647.6402101,0.021413921,0.982916508,Shearwaters,ETBF_37,Tuna longlines,0.397109171,80
-19.53001823,26624.9911,-7.34E-04,0.99941477,Shearwaters,ETBF_38,Tuna longlines,-0.804979259,15
15.58565278,647.6390022,0.02406534,0.980801657,Shearwaters,ETBF_39,Tuna longlines,0.446277427,111
12.93747196,647.6427086,0.019976249,0.984063288,Shearwaters,ETBF_40,Tuna longlines,0.370449783,74
14.05385345,647.6395985,0.021700115,0.982688225,Shearwaters,ETBF_41,Tuna longlines,0.402416096,83
12.89881544,647.6393945,0.019916663,0.984110819,Shearwaters,ETBF_42,Tuna longlines,0.369342898,73
-13.62952794,18830.19606,-7.24E-04,0.999422516,Shearwaters,ETBF_43,Tuna longlines,-0.561775579,51
17.99973438,647.6413377,0.027792751,0.977828796,Shearwaters,ETBF_44,Tuna longlines,0.515401905,129
13.9882445,647.6402557,0.021598788,0.982769048,Shearwaters,ETBF_45,Tuna longlines,0.400537459,82
15.1324009,647.6403944,0.023365437,0.981359908,Shearwaters,ETBF_46,Tuna longlines,0.433299075,101
12.71629081,647.6411215,0.01963478,0.984335671,Shearwaters,ETBF_47,Tuna longlines,0.364116513,72
-19.34519194,11878.81084,-0.001628546,0.998700688,Shearwaters,ETBF_48,Tuna longlines,-0.797361174,16
-18.1467838,8760.106673,-0.002071525,0.998347263,Shearwaters,ETBF_49,Tuna longlines,-0.747965742,26
-20.09569979,10489.89674,-0.00191572,0.998471571,Shearwaters,ETBF_50,Tuna longlines,-0.82829526,11
-16.83543752,4897.065168,-0.003437863,0.997257155,Shearwaters,ETBF_51,Tuna longlines,-0.693915277,38
-17.35380504,5252.954346,-0.003303628,0.997364252,Shearwaters,ETBF_52,Tuna longlines,-0.71528111,33
13.6226147,647.6401184,0.021034235,0.983219366,Shearwaters,ETBF_53,Tuna longlines,0.390068065,78
14.98841274,647.6391664,0.023143154,0.981537206,Shearwaters,ETBF_54,Tuna longlines,0.429176138,97
-17.63780171,4177.018662,-0.004222581,0.996631082,Shearwaters,ETBF_55,Tuna longlines,-0.726986753,29
-20.21327388,11647.20976,-0.001735461,0.998615388,Shearwaters,ETBF_56,Tuna longlines,-0.833141374,10
13.15316652,647.6413964,0.020309336,0.983797594,Shearwaters,ETBF_57,Tuna longlines,0.376625951,75
14.95930749,647.6392013,0.023098212,0.981573052,Shearwaters,ETBF_58,Tuna longlines,0.428342742,95
-16.01816995,9340.447399,-0.001714925,0.998631771,Shearwaters,ETBF_59,Tuna longlines,-0.660229521,42
13.96897701,647.6396725,0.021569057,0.982792763,Shearwaters,ETBF_60,Tuna longlines,0.399985756,81
-11.31310369,5857.764136,-0.001931301,0.99845914,Shearwaters,ETBF_61,Tuna longlines,-0.466298276,58
-19.3407775,15372.86449,-0.001258111,0.998996234,Shearwaters,ETBF_62,Tuna longlines,-0.797179222,17
-17.72366034,3543.203766,-0.005002157,0.996009116,Shearwaters,ETBF_63,Tuna longlines,-0.730525635,28
14.85819685,647.6396099,0.022942076,0.981697591,Shearwaters,ETBF_64,Tuna longlines,0.425447554,92
15.73269313,647.6390311,0.02429238,0.98062057,Shearwaters,ETBF_65,Tuna longlines,0.45048776,112
15.99749291,647.638959,0.024701252,0.980294455,Shearwaters,ETBF_66,Tuna longlines,0.45807,114
-13.70250639,12799.80962,-0.001070524,0.999145897,Shearwaters,ETBF_67,Tuna longlines,-0.564783571,50
15.8050323,647.639061,0.024404075,0.980531482,Shearwaters,ETBF_68,Tuna longlines,0.452559109,113
-20.50508156,10073.91754,-0.002035463,0.998376036,Shearwaters,ETBF_69,Tuna longlines,-0.845168968,9
11.54520118,647.6421442,0.017826513,0.985778118,Shearwaters,ETBF_70,Tuna longlines,0.330583694,65
-8.441346416,10122.50591,-8.34E-04,0.99933467,Shearwaters,ETBF_71,Tuna longlines,-0.347931513,61
-17.22193133,4630.931547,-0.003718891,0.997032941,Shearwaters,ETBF_72,Tuna longlines,-0.7098456,35
-15.07284096,3521.605813,-0.004280105,0.996585189,Shearwaters,ETBF_73,Tuna longlines,-0.621265388,45
13.30237006,647.6402461,0.020539752,0.983613798,Shearwaters,ETBF_74,Tuna longlines,0.380898225,76
14.96381957,647.6390985,0.023105183,0.981567493,Shearwaters,ETBF_75,Tuna longlines,0.42847194,96
-17.55699601,4770.806147,-0.00368009,0.997063898,Shearwaters,ETBF_76,Tuna longlines,-0.723656142,30
-13.93879531,9473.337198,-0.001471371,0.998826087,Shearwaters,ETBF_77,Tuna longlines,-0.574522819,49
-22.25942315,11833.96979,-0.001880977,0.99849929,Shearwaters,ETBF_78,Tuna longlines,-0.917478609,2
15.29289547,647.6402948,0.023613255,0.981162245,Shearwaters,ETBF_79,Tuna longlines,0.437894654,105
-12.607647,3180.572031,-0.003963956,0.996837421,Shearwaters,ETBF_80,Tuna longlines,-0.519656163,54
10.5771114,647.6397926,0.016331781,0.986970495,Shearwaters,ETBF_81,Tuna longlines,0.302863545,63
15.01541946,647.6391803,0.023184853,0.981503945,Shearwaters,ETBF_82,Tuna longlines,0.429949444,99
14.92028004,647.6396262,0.023037936,0.98162113,Shearwaters,ETBF_83,Tuna longlines,0.427225235,94
12.42387156,647.6398355,0.019183304,0.984695807,Shearwaters,ETBF_84,Tuna longlines,0.35574342,71
16.06205515,647.6389086,0.024800942,0.980214943,Shearwaters,ETBF_85,Tuna longlines,0.459918666,118
-18.87553713,6367.058964,-0.002964561,0.997634769,Shearwaters,ETBF_86,Tuna longlines,-0.77800316,20
-18.70864373,13284.05647,-0.001408353,0.998876365,Shearwaters,ETBF_87,Tuna longlines,-0.771124225,23
-19.04032589,3361.983508,-0.00566342,0.995481543,Shearwaters,ETBF_88,Tuna longlines,-0.784795347,19
-17.16509019,11651.60514,-0.001473195,0.998824632,Shearwaters,ETBF_89,Tuna longlines,-0.707502749,36
-15.99227084,6419.087243,-0.002491362,0.998012304,Shearwaters,ETBF_90,Tuna longlines,-0.659162023,43
-24.26151732,5148.713755,-0.004712151,0.99624049,Shearwaters,ETBF_91,Tuna longlines,-1,1
17.13027975,647.6387978,0.026450361,0.978899409,Shearwaters,ETBF_92,Tuna longlines,0.490506062,126
-18.73579795,6228.710624,-0.003007974,0.997600134,Shearwaters,ETBF_93,Tuna longlines,-0.772243455,22
18.92833908,647.6387956,0.029226691,0.976685212,Shearwaters,ETBF_94,Tuna longlines,0.541991444,132
18.25454963,647.6388321,0.028186311,0.977514922,Shearwaters,ETBF_95,Tuna longlines,0.52269825,130
-17.14865735,4518.272478,-0.003795401,0.996971899,Shearwaters,ETBF_96,Tuna longlines,-0.706825428,37
-7.600921122,9339.295075,-8.14E-04,0.99935067,Shearwaters,ETBF_97,Tuna longlines,-0.313291251,62
-14.1853611,18830.82313,-7.53E-04,0.999398986,Shearwaters,ETBF_98,Tuna longlines,-0.584685653,47
-9.507524217,12034.1152,-7.90E-04,0.999369672,Shearwaters,ETBF_99,Tuna longlines,-0.391876736,59
-13.17783781,7384.862106,-0.001784439,0.998576311,Shearwaters,ETBF_100,Tuna longlines,-0.543158024,52
-17.78587292,2717.613405,-0.006544666,0.994778466,Shearwaters,ETBF_101,Tuna longlines,-0.733089884,27
-16.40828411,15176.05135,-0.001081196,0.999137383,Shearwaters,ETBF_102,Tuna longlines,-0.676309066,41
16.53690621,647.638832,0.025534149,0.979630149,Shearwaters,ETBF_103,Tuna longlines,0.473515486,123
14.53967484,647.6396466,0.022450254,0.982089882,Shearwaters,ETBF_104,Tuna longlines,0.416327039,86
-18.86384373,2713.043394,-0.00695302,0.994452675,Shearwaters,ETBF_105,Tuna longlines,-0.777521186,21
14.60083528,647.6417609,0.022544617,0.982014616,Shearwaters,ETBF_106,Tuna longlines,0.418078298,87
12.32344174,647.6400836,0.019028226,0.984819512,Shearwaters,ETBF_107,Tuna longlines,0.352867727,69
15.42801192,647.63898,0.023821932,0.980995801,Shearwaters,ETBF_108,Tuna longlines,0.44176356,108
-18.28854921,4373.91948,-0.004181272,0.99666404,Shearwaters,ETBF_109,Tuna longlines,-0.753808963,25
15.17409897,647.6414038,0.023429785,0.981308583,Shearwaters,ETBF_110,Tuna longlines,0.434493051,103
-19.31921079,1825.518473,-0.010582862,0.991556768,Shearwaters,ETBF_111,Tuna longlines,-0.796290295,18
15.53717523,647.6391285,0.023990483,0.980861364,Shearwaters,ETBF_112,Tuna longlines,0.444889327,109
16.00637105,647.6389898,0.024714959,0.980283522,Shearwaters,ETBF_113,Tuna longlines,0.458324215,115
16.81499944,647.6389494,0.025963539,0.979287679,Shearwaters,ETBF_114,Tuna longlines,0.481478369,125
-21.62393196,15361.27958,-0.001407691,0.998876894,Shearwaters,ETBF_115,Tuna longlines,-0.891285227,3
16.44678963,647.6388236,0.025395003,0.979741129,Shearwaters,ETBF_116,Tuna longlines,0.4709351,121
12.20542728,647.6400921,0.018846003,0.984964869,Shearwaters,ETBF_117,Tuna longlines,0.349488517,66
-17.27410579,4896.43435,-0.003527895,0.997185324,Shearwaters,ETBF_118,Tuna longlines,-0.711996103,34
-15.91846037,2287.114548,-0.006960063,0.994447056,Shearwaters,ETBF_119,Tuna longlines,-0.656119737,44
15.37745358,647.6393476,0.023743853,0.981058078,Shearwaters,ETBF_120,Tuna longlines,0.440315879,107
15.22724338,647.6392776,0.023511921,0.98124307,Shearwaters,ETBF_121,Tuna longlines,0.436014781,104
-12.51163112,11888.50073,-0.001052415,0.999160346,Shearwaters,ETBF_122,Tuna longlines,-0.515698625,55
-16.77580578,10842.50612,-0.001547226,0.998765568,Shearwaters,ETBF_123,Tuna longlines,-0.691457404,39
-14.1823474,5138.095871,-0.002760234,0.997797788,Shearwaters,ETBF_124,Tuna longlines,-0.584561436,48
12.39155778,647.6395579,0.019133417,0.984735601,Shearwaters,ETBF_125,Tuna longlines,0.354818152,70
15.31376466,647.6417745,0.023645424,0.981136586,Shearwaters,ETBF_126,Tuna longlines,0.43849222,106
-11.46500835,8698.016068,-0.001318118,0.998948359,Shearwaters,ETBF_127,Tuna longlines,-0.472559412,57
-14.95414261,3188.653384,-0.004689799,0.996258323,Shearwaters,ETBF_128,Tuna longlines,-0.616372934,46
-16.7204226,7548.122903,-0.002215176,0.998232654,Shearwaters,ETBF_129,Tuna longlines,-0.689174646,40
-19.53175414,5799.806525,-0.003367656,0.997313168,Shearwaters,ETBF_130,Tuna longlines,-0.805050809,14
16.4663869,647.6396515,0.02542523,0.979717021,Shearwaters,ETBF_131,Tuna longlines,0.471496245,122
-21.4583565,7177.553581,-0.002989648,0.997614755,Shearwaters,ETBF_132,Tuna longlines,-0.884460614,5
-9.09286343,7608.163031,-0.001195146,0.99904647,Shearwaters,ETBF_133,Tuna longlines,-0.374785439,60
-17.64890474,303087.4092,-5.82E-05,0.999953542,Hammerheads,NPF_1,Prawn trawl,-0.164063914,8
-15.76350014,170645.5249,-9.24E-05,0.999926299,Hammerheads,NPF_2,Prawn trawl,-0.146537226,12
-13.17489502,209407.5401,-6.29E-05,0.999949804,Hammerheads,NPF_3,Prawn trawl,-0.122473597,20
15.10822956,25837.11229,5.85E-04,0.999533465,Hammerheads,NPF_4,Prawn trawl,0.378546489,45
12.73890649,25837.11229,4.93E-04,0.999606628,Hammerheads,NPF_5,Prawn trawl,0.319181563,39
9.656007314,25837.11229,3.74E-04,0.999701827,Hammerheads,NPF_6,Prawn trawl,0.241937525,29
9.287135994,25837.11229,3.59E-04,0.999713217,Hammerheads,NPF_7,Prawn trawl,0.232695215,26
3.046771201,25837.11229,1.18E-04,0.999905917,Hammerheads,NPF_8,Prawn trawl,0.076338828,24
-15.65808474,235944.1638,-6.64E-05,0.999947053,Hammerheads,NPF_9,Prawn trawl,-0.145557286,13
15.42379739,25837.11229,5.97E-04,0.99952372,Hammerheads,NPF_10,Prawn trawl,0.386453246,47
14.53154881,25837.11229,5.62E-04,0.999551272,Hammerheads,NPF_11,Prawn trawl,0.364097379,43
9.598350456,25837.11229,3.71E-04,0.999703607,Hammerheads,NPF_12,Prawn trawl,0.240492895,28
9.693448546,25837.11229,3.75E-04,0.999700671,Hammerheads,NPF_13,Prawn trawl,0.242875639,30
16.25889816,25837.11229,6.29E-04,0.999497933,Hammerheads,NPF_14,Prawn trawl,0.407377237,49
-21.56260489,196036.9993,-1.10E-04,0.999912244,Hammerheads,NPF_15,Prawn trawl,-0.200445603,2
15.6946572,25837.11229,6.07E-04,0.999515356,Hammerheads,NPF_16,Prawn trawl,0.393239814,48
-13.70815782,250268.7357,-5.48E-05,0.999956299,Hammerheads,NPF_17,Prawn trawl,-0.127430799,18
-15.65383919,742552.0581,-2.11E-05,0.999983181,Hammerheads,NPF_18,Prawn trawl,-0.145517819,14
-15.14881496,107717.2414,-1.41E-04,0.999887796,Hammerheads,NPF_19,Prawn trawl,-0.140823123,15
14.51440741,25837.11229,5.62E-04,0.999551802,Hammerheads,NPF_20,Prawn trawl,0.36366789,42
12.0632013,25837.11229,4.67E-04,0.999627494,Hammerheads,NPF_21,Prawn trawl,0.302251331,37
9.799370848,25837.11229,3.79E-04,0.9996974,Hammerheads,NPF_22,Prawn trawl,0.245529591,31
-11.73819904,219956.4534,-5.34E-05,0.999957423,Hammerheads,NPF_23,Prawn trawl,-0.109118096,22
39.9111602,25837.1127,0.001544722,0.998767562,Hammerheads,NPF_24,Prawn trawl,1,52
-13.61174029,229707.4386,-5.93E-05,0.999952723,Hammerheads,NPF_25,Prawn trawl,-0.126534503,19
13.92221107,25837.11229,5.39E-04,0.999570088,Hammerheads,NPF_26,Prawn trawl,0.348830027,41
12.93042794,25837.11229,5.00E-04,0.999600714,Hammerheads,NPF_27,Prawn trawl,0.323980257,40
-19.92872501,84218.63202,-2.37E-04,0.999811207,Hammerheads,NPF_28,Prawn trawl,-0.185257084,3
-17.77263362,361952.0305,-4.91E-05,0.999960824,Hammerheads,NPF_29,Prawn trawl,-0.165214096,6
-18.45842896,107095.457,-1.72E-04,0.999862489,Hammerheads,NPF_30,Prawn trawl,-0.171589237,5
8.663415245,25837.11229,3.35E-04,0.999732478,Hammerheads,NPF_31,Prawn trawl,0.217067487,25
12.06503311,25837.11229,4.67E-04,0.999627437,Hammerheads,NPF_32,Prawn trawl,0.302297228,38
-17.69013702,130220.9416,-1.36E-04,0.999891616,Hammerheads,NPF_33,Prawn trawl,-0.164447209,7
9.453992978,25837.11229,3.66E-04,0.999708065,Hammerheads,NPF_34,Prawn trawl,0.236875925,27
-16.94909184,338071.8979,-5.01E-05,0.999960001,Hammerheads,NPF_35,Prawn trawl,-0.157558466,10
16.56737903,25837.11228,6.41E-04,0.999488407,Hammerheads,NPF_36,Prawn trawl,0.415106425,50
15.28928997,25837.11229,5.92E-04,0.999527874,Hammerheads,NPF_37,Prawn trawl,0.383083075,46
14.69383749,25837.11229,5.69E-04,0.999546261,Hammerheads,NPF_38,Prawn trawl,0.368163627,44
-14.278226,26028.97104,-5.49E-04,0.999562345,Hammerheads,NPF_39,Prawn trawl,-0.132730143,17
-12.48181755,204826.611,-6.09E-05,0.999951381,Hammerheads,NPF_40,Prawn trawl,-0.116030761,21
16.85863246,25837.11229,6.52E-04,0.999479413,Hammerheads,NPF_41,Prawn trawl,0.422403969,51
10.81533264,25837.11229,4.19E-04,0.999666027,Hammerheads,NPF_42,Prawn trawl,0.270985173,34
-11.57672463,71793.69113,-1.61E-04,0.999871349,Hammerheads,NPF_43,Prawn trawl,-0.107617033,23
-15.84676495,172715.9813,-9.18E-05,0.999926798,Hammerheads,NPF_44,Prawn trawl,-0.147311254,11
12.05817989,25837.11229,4.67E-04,0.999627649,Hammerheads,NPF_45,Prawn trawl,0.302125516,36
-14.69369321,344927.7248,-4.26E-05,0.999966013,Hammerheads,NPF_46,Prawn trawl,-0.136592319,16
-18.86485186,315419.0735,-5.98E-05,0.999952282,Hammerheads,NPF_47,Prawn trawl,-0.175367338,4
10.81265607,192903.8355,5.61E-05,0.99995528,Hammerheads,NPF_48,Prawn trawl,0.27091811,33
-17.13594082,195514.4625,-8.76E-05,0.999930073,Hammerheads,NPF_49,Prawn trawl,-0.159295411,9
10.68646906,25837.11229,4.14E-04,0.999670007,Hammerheads,NPF_50,Prawn trawl,0.267756412,32
11.39568513,25837.11229,4.41E-04,0.999648106,Hammerheads,NPF_51,Prawn trawl,0.285526281,35
-21.6567858,298012.9666,-7.27E-05,0.999942021,Hammerheads,NPF_52,Prawn trawl,-0.201321108,1
3.860111397,57566.61642,6.71E-05,0.999946501,Seasnakes,NPF_1,Prawn trawl,0.096717594,11
5.732382059,57566.61642,9.96E-05,0.999920553,Seasnakes,NPF_2,Prawn trawl,0.14362855,38
1.229056589,57566.61642,2.14E-05,0.999982966,Seasnakes,NPF_3,Prawn trawl,0.03079481,5
4.230702354,57566.61642,7.35E-05,0.999941365,Seasnakes,NPF_4,Prawn trawl,0.106002991,17
6.71445707,57566.61642,1.17E-04,0.999906942,Seasnakes,NPF_5,Prawn trawl,0.168235076,45
5.634370161,57566.61642,9.79E-05,0.999921911,Seasnakes,NPF_6,Prawn trawl,0.141172798,37
3.994004022,57566.61642,6.94E-05,0.999944646,Seasnakes,NPF_7,Prawn trawl,0.100072361,13
4.801852627,57566.61642,8.34E-05,0.999933449,Seasnakes,NPF_8,Prawn trawl,0.120313531,26
7.505473483,57566.61642,1.30E-04,0.999895979,Seasnakes,NPF_9,Prawn trawl,0.188054505,50
7.124064587,57566.61642,1.24E-04,0.999901265,Seasnakes,NPF_10,Prawn trawl,0.178498058,47
4.624283947,57566.61642,8.03E-05,0.99993591,Seasnakes,NPF_11,Prawn trawl,0.115864433,22
5.999498422,57566.61642,1.04E-04,0.999916851,Seasnakes,NPF_12,Prawn trawl,0.150321323,40
5.532121849,57566.61642,9.61E-05,0.999923328,Seasnakes,NPF_13,Prawn trawl,0.1386109,35
3.309805967,57566.61642,5.75E-05,0.999954128,Seasnakes,NPF_14,Prawn trawl,0.082929335,9
5.126409665,57566.61642,8.91E-05,0.999928951,Seasnakes,NPF_15,Prawn trawl,0.128445518,29
-64.95135654,562960.9133,-1.15E-04,0.99990795,Seasnakes,NPF_16,Prawn trawl,-0.603786691,3
4.567817448,57566.61642,7.93E-05,0.999936693,Seasnakes,NPF_17,Prawn trawl,0.114449628,20
5.410073859,57566.61642,9.40E-05,0.99992502,Seasnakes,NPF_18,Prawn trawl,0.135552909,33
4.705008484,57566.61642,8.17E-05,0.999934791,Seasnakes,NPF_19,Prawn trawl,0.117887039,24
7.317630019,57566.61642,1.27E-04,0.999898582,Seasnakes,NPF_20,Prawn trawl,0.183347965,49
7.198947513,57566.61642,1.25E-04,0.999900227,Seasnakes,NPF_21,Prawn trawl,0.180374298,48
4.393474478,57566.61642,7.63E-05,0.999939109,Seasnakes,NPF_22,Prawn trawl,0.110081352,18
4.167664846,57566.61642,7.24E-05,0.999942239,Seasnakes,NPF_23,Prawn trawl,0.104423545,16
-83.53850238,1702004.852,-4.91E-05,0.99996084,Seasnakes,NPF_24,Prawn trawl,-0.776572478,2
4.720034512,57566.61642,8.20E-05,0.999934583,Seasnakes,NPF_25,Prawn trawl,0.118263526,25
3.671814662,57566.61642,6.38E-05,0.999949111,Seasnakes,NPF_26,Prawn trawl,0.091999697,10
6.043118759,57566.61642,1.05E-04,0.999916246,Seasnakes,NPF_27,Prawn trawl,0.151414259,42
5.604382232,57566.61642,9.74E-05,0.999922327,Seasnakes,NPF_28,Prawn trawl,0.140421431,36
2.294255523,57566.61642,3.99E-05,0.999968203,Seasnakes,NPF_29,Prawn trawl,0.05748406,6
4.583224895,57566.61642,7.96E-05,0.999936479,Seasnakes,NPF_30,Prawn trawl,0.114835672,21
5.438316835,57566.61642,9.45E-05,0.999924628,Seasnakes,NPF_31,Prawn trawl,0.136260555,34
5.201781501,57566.61642,9.04E-05,0.999927906,Seasnakes,NPF_32,Prawn trawl,0.130334009,31
6.146779266,57566.61642,1.07E-04,0.999914809,Seasnakes,NPF_33,Prawn trawl,0.154011541,43
4.657308715,57566.61642,8.09E-05,0.999935453,Seasnakes,NPF_34,Prawn trawl,0.11669189,23
3.071913103,57566.61642,5.34E-05,0.999957425,Seasnakes,NPF_35,Prawn trawl,0.076968775,7
4.059778158,57566.61642,7.05E-05,0.999943734,Seasnakes,NPF_36,Prawn trawl,0.101720374,14
5.827734857,57566.61642,1.01E-04,0.999919231,Seasnakes,NPF_37,Prawn trawl,0.146017676,39
3.94592584,57566.61642,6.85E-05,0.999945312,Seasnakes,NPF_38,Prawn trawl,0.098867731,12
1.141208781,57566.61642,1.98E-05,0.999984184,Seasnakes,NPF_39,Prawn trawl,0.028593726,4
7.999269249,57566.61642,1.39E-04,0.999889135,Seasnakes,NPF_40,Prawn trawl,0.200426878,51
-107.5733492,2402867.043,-4.48E-05,0.999964282,Seasnakes,NPF_41,Prawn trawl,-1,1
4.992852143,57566.61642,8.67E-05,0.999930802,Seasnakes,NPF_42,Prawn trawl,0.125099148,27
4.099488508,57566.61642,7.12E-05,0.999943184,Seasnakes,NPF_43,Prawn trawl,0.102715343,15
3.184547419,57566.61642,5.53E-05,0.999955864,Seasnakes,NPF_44,Prawn trawl,0.079790901,8
6.399557033,57566.61642,1.11E-04,0.999911306,Seasnakes,NPF_45,Prawn trawl,0.160345051,44
5.34058142,57566.61642,9.28E-05,0.999925983,Seasnakes,NPF_46,Prawn trawl,0.133811731,32
5.140108428,57566.61642,8.93E-05,0.999928761,Seasnakes,NPF_47,Prawn trawl,0.12878875,30
6.863506431,57566.61642,1.19E-04,0.999904876,Seasnakes,NPF_48,Prawn trawl,0.171969604,46
4.525214848,57566.61642,7.86E-05,0.999937283,Seasnakes,NPF_49,Prawn trawl,0.113382192,19
6.03616159,57566.61642,1.05E-04,0.999916342,Seasnakes,NPF_50,Prawn trawl,0.151239943,41
8.371014186,57566.61642,1.45E-04,0.999883983,Seasnakes,NPF_51,Prawn trawl,0.209741189,52
4.997714598,57566.61642,8.68E-05,0.999930735,Seasnakes,NPF_52,Prawn trawl,0.12522098,28
-78.00559059,79.67090833,-0.979097543,0.327646253,Albatrosses,GNS_1,Set gillnets,-0.924265297,10
-82.26602347,63.86948361,-1.288033327,0.197878394,Albatrosses,GNS_2,Set gillnets,-0.974745913,4
32.98925756,7.390849801,4.463526989,8.50E-06,Albatrosses,GNS_3,Set gillnets,0.263958499,19
32.63988631,7.229721377,4.514681079,6.70E-06,Albatrosses,GNS_4,Set gillnets,0.261163058,17
-81.90921601,51.97096199,-1.576057338,0.115165468,Albatrosses,GNS_5,Set gillnets,-0.970518206,6
-77.79416425,77.30584505,-1.006316718,0.314380913,Albatrosses,GNS_6,Set gillnets,-0.921760168,11
35.7441292,7.134670284,5.009920259,5.91E-07,Albatrosses,GNS_7,Set gillnets,0.286001183,30
30.39235547,7.217851503,4.210720525,2.65E-05,Albatrosses,GNS_8,Set gillnets,0.243179784,15
38.95216622,7.321005289,5.320603481,1.15E-07,Albatrosses,GNS_9,Set gillnets,0.3116698,41
37.95578227,7.174853322,5.290112643,1.35E-07,Albatrosses,GNS_10,Set gillnets,0.303697387,40
-82.30548122,40.30099741,-2.042269088,0.041251386,Albatrosses,GNS_11,Set gillnets,-0.975213436,3
35.77860431,7.167737185,4.991617772,6.49E-07,Albatrosses,GNS_12,Set gillnets,0.28627703,32
34.98372435,7.268816812,4.812849911,1.60E-06,Albatrosses,GNS_13,Set gillnets,0.27991692,25
-81.83322159,73.15392865,-1.118644249,0.263421796,Albatrosses,GNS_14,Set gillnets,-0.969617771,7
34.14740405,7.214654152,4.733061812,2.36E-06,Albatrosses,GNS_15,Set gillnets,0.273225231,21
-77.32318265,71.32401139,-1.084111523,0.278441666,Albatrosses,GNS_16,Set gillnets,-0.916179646,12
36.81531952,7.286121117,5.052800924,4.74E-07,Albatrosses,GNS_17,Set gillnets,0.294572148,38
-79.77506766,120.1625851,-0.663892738,0.506832935,Albatrosses,GNS_18,Set gillnets,-0.94523131,9
35.07685474,7.269280312,4.825354538,1.50E-06,Albatrosses,GNS_19,Set gillnets,0.280662088,27
30.81335433,7.364715481,4.183916461,2.99E-05,Albatrosses,GNS_20,Set gillnets,0.246548342,16
36.66261164,7.598323284,4.825092361,1.50E-06,Albatrosses,GNS_21,Set gillnets,0.29335028,37
-82.41478819,61.48907983,-1.340315848,0.180289839,Albatrosses,GNS_22,Set gillnets,-0.976508582,2
-84.39740283,77.29980054,-1.091819154,0.275039718,Albatrosses,GNS_23,Set gillnets,-1,1
-76.90235062,85.12657822,-0.903388251,0.366425038,Albatrosses,GNS_24,Set gillnets,-0.911193331,13
35.14680509,7.2213308,4.867081438,1.22E-06,Albatrosses,GNS_25,Set gillnets,0.281221785,28
34.33511221,7.503074535,4.576139029,5.02E-06,Albatrosses,GNS_26,Set gillnets,0.274727149,23
34.27954992,8.880756514,3.859980832,1.17E-04,Albatrosses,GNS_27,Set gillnets,0.274282576,22
35.01697786,7.195397866,4.866579793,1.22E-06,Albatrosses,GNS_28,Set gillnets,0.280182993,26
-81.31244774,158.84105,-0.511910792,0.608768077,Albatrosses,GNS_29,Set gillnets,-0.963447275,8
35.87403477,7.485878865,4.792227528,1.77E-06,Albatrosses,GNS_30,Set gillnets,0.287040602,33
35.36264445,7.328313233,4.825482117,1.50E-06,Albatrosses,GNS_31,Set gillnets,0.282948791,29
29.53753562,7.427139317,3.976973416,7.22E-05,Albatrosses,GNS_32,Set gillnets,0.236340074,14
34.85451413,7.206616813,4.836460025,1.42E-06,Albatrosses,GNS_33,Set gillnets,0.278883064,24
-81.92122889,38.86145294,-2.108033095,0.035148104,Albatrosses,GNS_34,Set gillnets,-0.970660543,5
35.77742065,7.251490375,4.933802405,8.71E-07,Albatrosses,GNS_35,Set gillnets,0.286267559,31
36.85562892,7.213958708,5.108932615,3.54E-07,Albatrosses,GNS_36,Set gillnets,0.294894678,39
36.60814633,7.219903638,5.070448051,4.32E-07,Albatrosses,GNS_37,Set gillnets,0.292914484,36
36.54918327,7.233915732,5.052475674,4.74E-07,Albatrosses,GNS_38,Set gillnets,0.2924427,35
32.90458558,7.187077598,4.57829836,4.97E-06,Albatrosses,GNS_39,Set gillnets,0.263281009,18
36.51126079,7.380361839,4.947082756,8.14E-07,Albatrosses,GNS_40,Set gillnets,0.292139269,34
33.30627512,7.499856436,4.44092169,9.43E-06,Albatrosses,GNS_41,Set gillnets,0.266495066,20
39.63893211,7.710461834,5.140928386,2.99E-07,Albatrosses,GNS_42,Set gillnets,0.317164853,42
102.4708526,14.05017169,7.293209997,4.29E-13,Dolphins,GNS_1,Set gillnets,0.819904855,36
-21.96607783,71.81546109,-0.305868367,0.759735643,Dolphins,GNS_2,Set gillnets,-0.260269595,29
-23.29551846,55.33393796,-0.420998745,0.673799724,Dolphins,GNS_3,Set gillnets,-0.276021746,27
-27.97907544,36.24450414,-0.7719536,0.44023007,Dolphins,GNS_4,Set gillnets,-0.331515835,12
-23.73667111,58.59440535,-0.405101323,0.685444914,Dolphins,GNS_5,Set gillnets,-0.281248834,26
-32.89916522,86.81799728,-0.37894407,0.70476828,Dolphins,GNS_6,Set gillnets,-0.389812531,3
-21.32347554,27.25602139,-0.782339991,0.434104315,Dolphins,GNS_7,Set gillnets,-0.252655589,31
-25.81137784,35.46842319,-0.727728371,0.466862221,Dolphins,GNS_8,Set gillnets,-0.305831423,18
-28.96106868,56.52744291,-0.512336437,0.608470253,Dolphins,GNS_9,Set gillnets,-0.343151184,8
-23.86110631,37.51184573,-0.636095235,0.524784707,Dolphins,GNS_10,Set gillnets,-0.28272323,24
122.3256121,11.18798703,10.93365695,4.32E-27,Dolphins,GNS_11,Set gillnets,0.978769676,41
-28.03279267,43.01749965,-0.651660206,0.514692776,Dolphins,GNS_12,Set gillnets,-0.332152314,10
-27.95946016,43.55239911,-0.641972905,0.520961894,Dolphins,GNS_13,Set gillnets,-0.331283419,13
-24.83343111,82.10866262,-0.302445933,0.762342544,Dolphins,GNS_14,Set gillnets,-0.29424402,21
109.8247127,12.06216703,9.104890718,1.98E-19,Dolphins,GNS_15,Set gillnets,0.878745641,38
-17.06557391,80.3857809,-0.212295927,0.831897084,Dolphins,GNS_16,Set gillnets,-0.202204965,33
-13.21988637,80.39067641,-0.164445517,0.869396497,Dolphins,GNS_17,Set gillnets,-0.156638545,35
-13.4191921,134.578873,-0.099712472,0.920582259,Dolphins,GNS_18,Set gillnets,-0.15900006,34
-22.2091374,47.61080265,-0.466472653,0.640926327,Dolphins,GNS_19,Set gillnets,-0.263149536,28
-27.99308423,54.61267988,-0.512574814,0.608303489,Dolphins,GNS_20,Set gillnets,-0.331681821,11
-31.75661652,99.04549044,-0.320626577,0.748525774,Dolphins,GNS_21,Set gillnets,-0.376274808,6
-19.54422148,69.21835138,-0.282356067,0.77769874,Dolphins,GNS_22,Set gillnets,-0.231573731,32
121.2324442,11.48196062,10.55851419,2.03E-25,Dolphins,GNS_23,Set gillnets,0.97002286,40
-32.08114252,95.55701176,-0.335727771,0.737110202,Dolphins,GNS_24,Set gillnets,-0.380120021,5
-26.46944947,44.72615739,-0.591811392,0.554041552,Dolphins,GNS_25,Set gillnets,-0.313628721,17
-25.57393595,84.33537097,-0.303240926,0.761736749,Dolphins,GNS_26,Set gillnets,-0.303018044,19
-24.37448035,177.6734262,-0.137186978,0.890896352,Dolphins,GNS_27,Set gillnets,-0.288806048,23
-21.73031238,43.58074426,-0.498621874,0.618098795,Dolphins,GNS_28,Set gillnets,-0.257476079,30
-27.57168239,177.670514,-0.155184345,0.876691127,Dolphins,GNS_29,Set gillnets,-0.326688754,14
-25.28073231,89.35753513,-0.282916626,0.777269051,Dolphins,GNS_30,Set gillnets,-0.299543961,20
108.7638604,13.15553908,8.267533527,2.41E-16,Dolphins,GNS_31,Set gillnets,0.870257394,37
-24.49868287,51.88609714,-0.472162761,0.636860411,Dolphins,GNS_32,Set gillnets,-0.290277687,22
124.9789558,11.70630869,10.67620538,6.14E-26,Dolphins,GNS_33,Set gillnets,1,42
-23.82819165,44.13256776,-0.539923074,0.589308189,Dolphins,GNS_34,Set gillnets,-0.282333234,25
-34.96402098,65.7291993,-0.531940467,0.594824339,Dolphins,GNS_35,Set gillnets,-0.4142784,2
-28.89024436,44.42204357,-0.650358292,0.515533019,Dolphins,GNS_36,Set gillnets,-0.342312007,9
-27.09216143,55.2134119,-0.490680806,0.623704259,Dolphins,GNS_37,Set gillnets,-0.321007051,15
-29.80254573,49.08015319,-0.607221938,0.543770266,Dolphins,GNS_38,Set gillnets,-0.353121598,7
-39.538389,50.98439447,-0.775499825,0.438132995,Dolphins,GNS_39,Set gillnets,-0.468478741,1
119.3339451,11.56865483,10.31528271,2.31E-24,Dolphins,GNS_40,Set gillnets,0.95483231,39
-32.80490521,74.89046683,-0.438038466,0.661404125,Dolphins,GNS_41,Set gillnets,-0.388695672,4
-27.07080529,118.7513363,-0.227962111,0.819698221,Dolphins,GNS_42,Set gillnets,-0.320754009,16
-61.02153723,52.95049551,-1.152426179,0.249286396,Albatrosses,LLA_1,Demersal longlines,-0.859310214,3
-63.28814925,99.5198485,-0.635934944,0.524893005,Albatrosses,LLA_2,Demersal longlines,-0.891228828,2
45.7936245,16.35865974,2.799350633,0.00517066,Albatrosses,LLA_3,Demersal longlines,0.888488173,13
40.31346939,15.71946396,2.564557513,0.010404569,Albatrosses,LLA_4,Demersal longlines,0.782162171,10
-60.2334596,59.907818,-1.005435711,0.314811086,Albatrosses,LLA_5,Demersal longlines,-0.848212441,4
48.82392429,15.88666565,3.073264419,0.002146443,Albatrosses,LLA_6,Demersal longlines,0.947282068,15
38.32678777,15.74064615,2.434892914,0.014984795,Albatrosses,LLA_7,Demersal longlines,0.743616563,8
39.16563489,15.73573211,2.488961721,0.012894011,Albatrosses,LLA_8,Demersal longlines,0.75989188,9
43.13049688,15.74401415,2.739485399,0.00620924,Albatrosses,LLA_9,Demersal longlines,0.836818155,12
51.54106254,16.21588341,3.178430754,0.001503817,Albatrosses,LLA_10,Demersal longlines,1,16
48.53357336,15.73111631,3.085195762,0.002062576,Albatrosses,LLA_11,Demersal longlines,0.941648677,14
-71.0122331,170.9359484,-0.415431825,0.677871245,Albatrosses,LLA_12,Demersal longlines,-1,1
37.28970605,15.75663256,2.366603771,0.018048776,Albatrosses,LLA_13,Demersal longlines,0.723495097,7
40.49159221,15.81158176,2.560881815,0.010514916,Albatrosses,LLA_14,Demersal longlines,0.785618111,11
-56.99173116,86.54080059,-0.658553316,0.510259929,Albatrosses,LLA_15,Demersal longlines,-0.80256216,6
-59.30190242,86.55255998,-0.685154806,0.493327184,Albatrosses,LLA_16,Demersal longlines,-0.835094178,5
-24.08830539,63.73952254,-0.377917883,0.705532626,Petrels,LLA_1,Demersal longlines,-0.339213461,8
-29.94470729,117.8651476,-0.254059049,0.799476658,Petrels,LLA_2,Demersal longlines,-0.421683786,4
-32.05393398,133.0836655,-0.240855509,0.809692362,Petrels,LLA_3,Demersal longlines,-0.451386086,3
39.0097113,22.61396427,1.725027547,0.084680558,Petrels,LLA_4,Demersal longlines,0.756866649,12
-24.29659732,71.83746361,-0.338216247,0.735236551,Petrels,LLA_5,Demersal longlines,-0.342146645,6
-32.74729737,98.86247106,-0.331240935,0.740498004,Petrels,LLA_6,Demersal longlines,-0.461150086,2
37.44585879,22.6372711,1.654168412,0.098253837,Petrels,LLA_7,Demersal longlines,0.726524774,10
38.28036926,22.62294952,1.692103376,0.090785625,Petrels,LLA_8,Demersal longlines,0.742715951,11
43.05988711,22.63177013,1.902630102,0.057235631,Petrels,LLA_9,Demersal longlines,0.835448184,15
-26.14497457,124.7520456,-0.209575518,0.834020826,Petrels,LLA_10,Demersal longlines,-0.368175643,5
49.99495744,22.55566775,2.216514181,0.026771029,Petrels,LLA_11,Demersal longlines,0.97000246,16
-50.19624358,201.6386712,-0.248941551,0.803432144,Petrels,LLA_12,Demersal longlines,-0.706867555,1
41.20141908,22.64191537,1.819696717,0.068958082,Petrels,LLA_13,Demersal longlines,0.799390177,14
39.61205646,22.68592359,1.746107285,0.080949385,Petrels,LLA_14,Demersal longlines,0.768553354,13
-15.32896082,103.3948375,-0.14825654,0.882155603,Petrels,LLA_15,Demersal longlines,-0.215863664,9
-24.11829506,102.719611,-0.234797375,0.814390595,Petrels,LLA_16,Demersal longlines,-0.339635778,7
40.53902433,21.19298842,1.912850776,0.055912134,Shearwaters,LLA_1,Demersal longlines,0.78653839,12
-48.58911619,116.532238,-0.416958578,0.676754176,Shearwaters,LLA_2,Demersal longlines,-0.684235857,1
-46.12915051,131.6542299,-0.350381074,0.72609022,Shearwaters,LLA_3,Demersal longlines,-0.649594422,3
40.763977,21.06194309,1.935432871,0.053080271,Shearwaters,LLA_4,Demersal longlines,0.790902923,13
-44.01912722,70.64436049,-0.623108864,0.533285177,Shearwaters,LLA_5,Demersal longlines,-0.619880904,5
40.47215897,21.33225773,1.897228108,0.057944079,Shearwaters,LLA_6,Demersal longlines,0.785241068,11
38.93418375,21.09548405,1.845616989,0.065097938,Shearwaters,LLA_7,Demersal longlines,0.755401263,9
39.87743994,21.06052403,1.893468551,0.058442125,Shearwaters,LLA_8,Demersal longlines,0.773702325,10
42.69974082,21.07603261,2.025985706,0.042900901,Shearwaters,LLA_9,Demersal longlines,0.828460624,14
-43.79642894,123.3751654,-0.354985777,0.72263828,Shearwaters,LLA_10,Demersal longlines,-0.616744848,6
44.88037235,21.16876255,2.120122622,0.034120512,Shearwaters,LLA_11,Demersal longlines,0.87076925,16
-45.55066112,199.6294079,-0.228176107,0.819533037,Shearwaters,LLA_12,Demersal longlines,-0.641448088,4
36.98968612,21.08383577,1.754409706,0.079515929,Shearwaters,LLA_13,Demersal longlines,0.717674109,8
42.873746,21.23653705,2.018867101,0.043636389,Shearwaters,LLA_14,Demersal longlines,0.831836673,15
-42.58174914,101.4665117,-0.419663083,0.674777398,Shearwaters,LLA_15,Demersal longlines,-0.59963963,7
-48.0381163,101.4681831,-0.473430339,0.635958692,Shearwaters,LLA_16,Demersal longlines,-0.676476632,2
-5.39170535,2936.672384,-0.001835991,0.998535163,Albatrosses,OTB_22,Otter bottom trawl,-0.105932701,13
38.53293429,2729.108276,0.01411924,0.988735397,Albatrosses,OTB_54,Otter bottom trawl,0.708355157,43
38.26930433,2729.109117,0.014022636,0.988812465,Albatrosses,OTB_58,Otter bottom trawl,0.703508818,41
38.20239884,2729.108245,0.013998125,0.988832019,Albatrosses,OTB_64,Otter bottom trawl,0.702278887,39
-5.804422004,3039.025643,-0.001909962,0.998476146,Albatrosses,OTB_67,Otter bottom trawl,-0.114041488,12
39.48558477,2729.108345,0.01446831,0.988456922,Albatrosses,OTB_85,Otter bottom trawl,0.725867835,49
-4.334019609,2797.811104,-0.001549075,0.998764077,Albatrosses,OTB_86,Otter bottom trawl,-0.085151984,17
37.55110109,2729.108309,0.013759476,0.989022405,Albatrosses,OTB_93,Otter bottom trawl,0.69030601,37
37.77564788,2729.108924,0.013841752,0.988956769,Albatrosses,OTB_115,Otter bottom trawl,0.694433878,38
42.01253107,2729.108228,0.015394234,0.987718259,Albatrosses,OTB_117,Otter bottom trawl,0.772320966,57
-4.101404841,2862.313629,-0.001432898,0.998856768,Albatrosses,OTB_137,Otter bottom trawl,-0.080581721,19
39.46568728,2729.108349,0.014461019,0.988462738,Albatrosses,OTB_143,Otter bottom trawl,0.725502057,48
38.61480312,2729.108226,0.014149238,0.988711465,Albatrosses,OTB_149,Otter bottom trawl,0.70986016,44
-9.218096457,3523.268587,-0.002616348,0.99791256,Albatrosses,OTB_171,Otter bottom trawl,-0.181111132,5
41.6414965,2729.108514,0.015258278,0.987826719,Albatrosses,OTB_172,Otter bottom trawl,0.765500197,56
-11.69034402,4315.108265,-0.002709166,0.997838506,Albatrosses,OTB_189,Otter bottom trawl,-0.229684236,1
33.47422045,2729.108812,0.012265623,0.990214169,Albatrosses,OTB_203,Otter bottom trawl,0.615360266,24
38.26165153,2729.108255,0.014019836,0.988814698,Albatrosses,OTB_210,Otter bottom trawl,0.703368136,40
-8.305531529,2973.978338,-0.002792734,0.997771831,Albatrosses,OTB_222,Otter bottom trawl,-0.163181653,8
-8.108833501,3130.504477,-0.002590264,0.997933371,Albatrosses,OTB_229,Otter bottom trawl,-0.159317059,9
36.89151083,2729.109082,0.013517785,0.989215219,Albatrosses,OTB_233,Otter bottom trawl,0.678180689,30
-4.547760569,3229.127645,-0.001408356,0.99887635,Albatrosses,OTB_252,Otter bottom trawl,-0.089351426,15
37.18344373,2729.10861,0.013624758,0.98912988,Albatrosses,OTB_254,Otter bottom trawl,0.683547324,32
40.30060563,2729.108186,0.014766951,0.988218678,Albatrosses,OTB_255,Otter bottom trawl,0.740850453,52
37.53331814,2729.108255,0.013752961,0.989027603,Albatrosses,OTB_261,Otter bottom trawl,0.689979104,36
-3.271077512,2953.784914,-0.001107419,0.999116451,Albatrosses,OTB_315,Otter bottom trawl,-0.064267992,20
37.26356938,2729.108234,0.013654119,0.989106456,Albatrosses,OTB_341,Otter bottom trawl,0.685020283,33
35.68393472,2729.108436,0.013075308,0.989568217,Albatrosses,OTB_344,Otter bottom trawl,0.655981685,26
39.50283316,2729.108462,0.014474629,0.98845188,Albatrosses,OTB_397,Otter bottom trawl,0.726184914,50
38.67060838,2729.108275,0.014169686,0.988695153,Albatrosses,OTB_407,Otter bottom trawl,0.710886035,45
37.46436695,2729.108311,0.013727695,0.989047759,Albatrosses,OTB_428,Otter bottom trawl,0.688711566,34
36.9436065,2729.108267,0.013536878,0.989199988,Albatrosses,OTB_430,Otter bottom trawl,0.67913837,31
-6.613317734,2866.796562,-0.002306867,0.998159478,Albatrosses,OTB_440,Otter bottom trawl,-0.129934143,11
36.15634053,2729.10895,0.013248405,0.989430124,Albatrosses,OTB_454,Otter bottom trawl,0.664665973,27
-11.20294626,3064.475556,-0.003655747,0.997083284,Albatrosses,OTB_491,Otter bottom trawl,-0.220108163,2
37.48710705,2729.108291,0.013736028,0.989041112,Albatrosses,OTB_506,Otter bottom trawl,0.6891296,35
39.79260103,2729.108218,0.014580807,0.988367176,Albatrosses,OTB_513,Otter bottom trawl,0.731511749,51
33.74747636,2729.108342,0.012365752,0.990134288,Albatrosses,OTB_527,Otter bottom trawl,0.620383559,25
-4.152588273,2774.72341,-0.001496577,0.998805962,Albatrosses,OTB_531,Otter bottom trawl,-0.081587339,18
38.84773984,2729.108216,0.014234591,0.988643374,Albatrosses,OTB_538,Otter bottom trawl,0.714142262,46
-4.434565717,3452.083712,-0.001284605,0.998975083,Albatrosses,OTB_540,Otter bottom trawl,-0.087127448,16
-3.084944796,3017.144449,-0.001022472,0.999184225,Albatrosses,OTB_563,Otter bottom trawl,-0.060610978,21
-3.072085924,2860.179937,-0.001074088,0.999143043,Albatrosses,OTB_565,Otter bottom trawl,-0.060358336,22
40.44894961,2729.108275,0.014821306,0.988175315,Albatrosses,OTB_569,Otter bottom trawl,0.743577477,54
36.47842608,2729.108265,0.013366427,0.989335969,Albatrosses,OTB_571,Otter bottom trawl,0.670586907,28
38.90752467,2729.108269,0.014256497,0.988625898,Albatrosses,OTB_573,Otter bottom trawl,0.715241293,47
-5.052236283,3094.520169,-0.00163264,0.998697406,Albatrosses,OTB_587,Otter bottom trawl,-0.099263035,14
-10.33119769,2843.666491,-0.003633055,0.997101388,Albatrosses,OTB_634,Otter bottom trawl,-0.202980617,3
-2.812078432,2809.789289,-0.001000815,0.999201504,Albatrosses,OTB_666,Otter bottom trawl,-0.055249878,23
-10.16010502,3017.144585,-0.003367457,0.997313293,Albatrosses,OTB_669,Otter bottom trawl,-0.1996191,4
-8.751540253,3392.73098,-0.002579497,0.997941961,Albatrosses,OTB_765,Otter bottom trawl,-0.171944541,7
-8.754683862,3610.276314,-0.002424935,0.998065278,Albatrosses,OTB_1533,Otter bottom trawl,-0.172006304,6
38.36656451,2729.108386,0.014058278,0.988784031,Albatrosses,OTB_1556,Otter bottom trawl,0.705296763,42
41.62113273,2729.110916,0.015250803,0.987832682,Albatrosses,OTB_1580,Otter bottom trawl,0.765125847,55
36.84396331,2729.10826,0.013500367,0.989229115,Albatrosses,OTB_1657,Otter bottom trawl,0.677306618,29
-7.546131662,2947.775246,-0.002559941,0.997957564,Albatrosses,OTB_1690,Otter bottom trawl,-0.148261461,10
40.30503652,2729.108218,0.014768574,0.988217383,Albatrosses,OTB_1853,Otter bottom trawl,0.740931907,53
-1.728236757,3034.764835,-5.69E-04,0.999545643,Petrels,OTB_22,Otter bottom trawl,-0.033955266,25
47.20702998,2820.26719,0.016738496,0.986645883,Petrels,OTB_54,Otter bottom trawl,0.867812009,46
52.23423299,2820.267582,0.01852102,0.985223924,Petrels,OTB_58,Otter bottom trawl,0.960227633,55
46.87141753,2820.267211,0.016619495,0.986740814,Petrels,OTB_64,Otter bottom trawl,0.861642409,44
1.325445619,3140.519369,4.22E-04,0.999663272,Petrels,OTB_67,Otter bottom trawl,0.024365812,33
52.13116745,2820.267141,0.018484479,0.985253074,Petrels,OTB_85,Otter bottom trawl,0.958332968,54
-1.722215132,2891.678034,-5.96E-04,0.999524822,Petrels,OTB_86,Otter bottom trawl,-0.033836957,26
43.63086718,2820.267625,0.015470471,0.987657441,Petrels,OTB_93,Otter bottom trawl,0.802071016,36
52.25923829,2820.267323,0.018529888,0.98521685,Petrels,OTB_115,Otter bottom trawl,0.960687309,56
-2.529695439,2951.51266,-8.57E-04,0.999316179,Petrels,OTB_117,Otter bottom trawl,-0.049701802,21
-1.908750542,2957.922079,-6.45E-04,0.999485149,Petrels,OTB_137,Otter bottom trawl,-0.037501883,24
50.28242349,2820.267321,0.017828957,0.985775993,Petrels,OTB_143,Otter bottom trawl,0.924347305,51
45.34216113,2820.267209,0.016077257,0.987173379,Petrels,OTB_149,Otter bottom trawl,0.833529921,40
-4.488047378,3640.95601,-0.001232656,0.99901653,Petrels,OTB_171,Otter bottom trawl,-0.08817822,17
54.39776067,2820.267429,0.019288157,0.984611977,Petrels,OTB_172,Otter bottom trawl,1,57
-8.704868537,4459.246347,-0.001952094,0.998442531,Petrels,OTB_189,Otter bottom trawl,-0.171027565,2
43.5296146,2820.268497,0.015434564,0.987686085,Petrels,OTB_203,Otter bottom trawl,0.800209679,35
46.84187932,2820.26714,0.016609022,0.986749169,Petrels,OTB_210,Otter bottom trawl,0.861099405,42
-5.959417209,3073.317049,-0.001939083,0.998452911,Petrels,OTB_222,Otter bottom trawl,-0.117086733,8
-5.588280097,3235.071863,-0.001727405,0.998621797,Petrels,OTB_229,Otter bottom trawl,-0.109794874,10
-5.325973967,3197.885622,-0.001665467,0.998671214,Petrels,OTB_233,Otter bottom trawl,-0.104641254,12
-0.772916604,3336.989493,-2.32E-04,0.999815202,Petrels,OTB_252,Otter bottom trawl,-0.01518576,32
43.92160329,2820.27033,0.015573544,0.987575214,Petrels,OTB_254,Otter bottom trawl,0.80741565,37
47.19120658,2820.267131,0.016732885,0.986650359,Petrels,OTB_255,Otter bottom trawl,0.867521126,45
-4.920035343,2862.258841,-0.001718934,0.998628556,Petrels,OTB_261,Otter bottom trawl,-0.096665638,15
-1.329009853,3052.448904,-4.35E-04,0.999652625,Petrels,OTB_315,Otter bottom trawl,-0.026111517,30
46.20191839,2820.267187,0.016382107,0.986930188,Petrels,OTB_341,Otter bottom trawl,0.849334933,41
-4.847440116,2903.643445,-0.001669434,0.99866805,Petrels,OTB_344,Otter bottom trawl,-0.095239334,16
-6.515596752,3128.808136,-0.002082453,0.998338524,Petrels,OTB_397,Otter bottom trawl,-0.128014185,7
47.32344892,2820.267242,0.016779775,0.986612954,Petrels,OTB_407,Otter bottom trawl,0.869952151,47
44.44195983,2820.267553,0.015758065,0.987428012,Petrels,OTB_428,Otter bottom trawl,0.816981421,38
-7.184836694,2866.63117,-0.002506369,0.998000305,Petrels,OTB_430,Otter bottom trawl,-0.141162974,5
-3.858964626,2962.554746,-0.00130258,0.998960742,Petrels,OTB_440,Otter bottom trawl,-0.075818414,19
-2.161819144,2929.479684,-7.38E-04,0.999411227,Petrels,OTB_454,Otter bottom trawl,-0.042474009,23
-7.438319147,3166.83724,-0.002348816,0.998126008,Petrels,OTB_491,Otter bottom trawl,-0.146143231,4
50.9452359,2820.267103,0.018063976,0.985588515,Petrels,OTB_506,Otter bottom trawl,0.936531859,53
45.15125815,2820.26732,0.016009567,0.987227378,Petrels,OTB_513,Otter bottom trawl,0.83002053,39
43.08604512,2820.267397,0.015277291,0.98781155,Petrels,OTB_527,Otter bottom trawl,0.792055493,34
-1.523032471,2867.405959,-5.31E-04,0.999576221,Petrels,OTB_531,Otter bottom trawl,-0.029923546,28
47.86997907,2820.266886,0.016973564,0.986458362,Petrels,OTB_538,Otter bottom trawl,0.879999075,48
-2.27376365,3567.393066,-6.37E-04,0.999491474,Petrels,OTB_540,Otter bottom trawl,-0.044673422,22
-1.62185887,3117.924914,-5.20E-04,0.999584982,Petrels,OTB_563,Otter bottom trawl,-0.031865223,27
-1.387282793,2955.717062,-4.69E-04,0.999625526,Petrels,OTB_565,Otter bottom trawl,-0.027256425,29
49.5019821,2820.267364,0.01755223,0.985996744,Petrels,OTB_569,Otter bottom trawl,0.910000366,49
-4.392472782,2845.867715,-0.001543456,0.99876856,Petrels,OTB_571,Otter bottom trawl,-0.086300433,18
50.61710258,2820.267176,0.017947627,0.985681328,Petrels,OTB_573,Otter bottom trawl,0.930499748,52
-5.115263937,3197.885308,-0.001599577,0.998723785,Petrels,OTB_587,Otter bottom trawl,-0.100501361,13
-3.631414982,2938.655402,-0.00123574,0.99901407,Petrels,OTB_634,Otter bottom trawl,-0.071347667,20
-0.804766598,2903.64324,-2.77E-04,0.999778871,Petrels,OTB_666,Otter bottom trawl,-0.015811528,31
-8.242099887,3117.925223,-0.002643457,0.997890931,Petrels,OTB_669,Otter bottom trawl,-0.16193539,3
-5.446182575,3506.057853,-0.001553364,0.998760656,Petrels,OTB_765,Otter bottom trawl,-0.107003034,11
50.16798716,2820.268397,0.017788373,0.985808367,Petrels,OTB_1533,Otter bottom trawl,0.92224361,50
-9.741524964,3567.393303,-0.002730712,0.997821315,Petrels,OTB_1556,Otter bottom trawl,-0.191395113,1
-6.919179029,7461.755359,-9.27E-04,0.999260169,Petrels,OTB_1580,Otter bottom trawl,-0.135943506,6
46.86133644,2820.267177,0.016615921,0.986743665,Petrels,OTB_1657,Otter bottom trawl,0.861457087,43
-4.935925524,3046.238642,-0.001620334,0.998707223,Petrels,OTB_1690,Otter bottom trawl,-0.096977837,14
-5.713541936,2870.783774,-0.001990238,0.998412098,Petrels,OTB_1853,Otter bottom trawl,-0.112255936,9
-17.84597742,5195.4983,-0.003434892,0.997259491,Shearwaters,OTB_22,Otter bottom trawl,-0.350626096,31
11.26461997,4828.304201,0.002333039,0.998138596,Shearwaters,OTB_54,Otter bottom trawl,0.207078744,46
-33.33369393,6002.345044,-0.005553445,0.995569229,Shearwaters,OTB_58,Otter bottom trawl,-0.654918624,12
10.40566336,4828.304045,0.002155138,0.998280533,Shearwaters,OTB_64,Otter bottom trawl,0.191288451,43
-8.212984771,5376.547154,-0.001527557,0.998781245,Shearwaters,OTB_67,Otter bottom trawl,-0.161363355,33
-27.15943247,4936.802016,-0.005501422,0.995610735,Shearwaters,OTB_85,Otter bottom trawl,-0.533610771,21
-26.67290747,4950.541641,-0.005387877,0.995701326,Shearwaters,OTB_86,Otter bottom trawl,-0.524051846,24
20.02343002,4828.303963,0.004147094,0.996691268,Shearwaters,OTB_93,Otter bottom trawl,0.36809291,55
-18.78989385,5146.966344,-0.003650674,0.997087332,Shearwaters,OTB_115,Otter bottom trawl,-0.369171549,29
-21.0869323,5052.972405,-0.004173174,0.99667046,Shearwaters,OTB_117,Otter bottom trawl,-0.414302258,27
-22.46628123,5063.945401,-0.004436517,0.996460355,Shearwaters,OTB_137,Otter bottom trawl,-0.441402804,26
11.10273707,4828.304559,0.002299511,0.998165347,Shearwaters,OTB_143,Otter bottom trawl,0.204102833,45
9.497514347,4828.30422,0.00196705,0.998430599,Shearwaters,OTB_149,Otter bottom trawl,0.174593848,42
-31.54720557,6233.284869,-0.005061088,0.995962049,Shearwaters,OTB_171,Otter bottom trawl,-0.619818868,16
-26.94308479,5474.768116,-0.00492132,0.996073561,Shearwaters,OTB_172,Otter bottom trawl,-0.529360114,22
-41.03893439,7634.166374,-0.005375693,0.995711046,Shearwaters,OTB_189,Otter bottom trawl,-0.80630615,4
9.261451975,4828.304672,0.001918158,0.998469606,Shearwaters,OTB_203,Otter bottom trawl,0.170254287,40
2.921027525,4828.305225,6.05E-04,0.999517319,Shearwaters,OTB_210,Otter bottom trawl,0.053697569,38
21.13823921,4828.304095,0.004377984,0.996507054,Shearwaters,OTB_222,Otter bottom trawl,0.38858657,57
-34.23430997,5538.429173,-0.006181231,0.995068362,Shearwaters,OTB_229,Otter bottom trawl,-0.672613339,9
20.8102495,4828.304161,0.004310054,0.996561252,Shearwaters,OTB_233,Otter bottom trawl,0.382557099,56
-13.19753608,5712.895614,-0.002310131,0.998156873,Shearwaters,OTB_252,Otter bottom trawl,-0.25929656,32
-32.68724627,5356.510846,-0.006102339,0.995131304,Shearwaters,OTB_254,Otter bottom trawl,-0.642217643,13
18.32758382,4828.303913,0.003795864,0.996971493,Shearwaters,OTB_255,Otter bottom trawl,0.336917983,52
-31.94274059,4900.188203,-0.006518676,0.994799138,Shearwaters,OTB_261,Otter bottom trawl,-0.627590082,14
-8.1833224,5225.768811,-0.001565956,0.998750609,Shearwaters,OTB_315,Otter bottom trawl,-0.160780568,34
9.329459522,4828.303975,0.001932244,0.998458368,Shearwaters,OTB_341,Otter bottom trawl,0.171504478,41
-31.18479725,4971.036133,-0.006273299,0.994994907,Shearwaters,OTB_344,Otter bottom trawl,-0.612698507,17
-33.96162039,5356.510764,-0.006340251,0.994941491,Shearwaters,OTB_397,Otter bottom trawl,-0.667255712,10
13.54063967,4828.304037,0.00280443,0.9977625,Shearwaters,OTB_407,Otter bottom trawl,0.248919064,47
1.41065887,4828.305388,2.92E-04,0.999766898,Shearwaters,OTB_428,Otter bottom trawl,0.025932297,37
5.190456935,4828.305099,0.001075006,0.999142311,Shearwaters,OTB_430,Otter bottom trawl,0.095416739,39
-28.59996898,5071.876106,-0.005638933,0.995501024,Shearwaters,OTB_440,Otter bottom trawl,-0.561913491,20
-26.70487912,5015.256368,-0.005324729,0.995751707,Shearwaters,OTB_454,Otter bottom trawl,-0.524680004,23
-36.95490855,5421.614734,-0.006816218,0.994561751,Shearwaters,OTB_491,Otter bottom trawl,-0.726065881,6
-30.61857801,4898.444756,-0.006250673,0.995012959,Shearwaters,OTB_506,Otter bottom trawl,-0.601573801,18
17.92253773,4828.303907,0.003711974,0.997038424,Shearwaters,OTB_513,Otter bottom trawl,0.329471977,51
-41.55111868,4975.389232,-0.00835133,0.993337003,Shearwaters,OTB_527,Otter bottom trawl,-0.816369212,3
-20.34269589,4908.986613,-0.004143971,0.99669376,Shearwaters,OTB_531,Otter bottom trawl,-0.399679988,28
10.95092872,4828.304516,0.002268069,0.998190432,Shearwaters,OTB_538,Otter bottom trawl,0.201312124,44
-30.59452284,6107.333208,-0.005009473,0.996003229,Shearwaters,OTB_540,Otter bottom trawl,-0.601101181,19
0.598741316,5337.860104,1.12E-04,0.999910507,Shearwaters,OTB_563,Otter bottom trawl,0.011006727,36
-7.681145356,5060.167631,-0.001517963,0.9987889,Shearwaters,OTB_565,Otter bottom trawl,-0.150914122,35
-33.85340216,5140.115084,-0.006586118,0.994745331,Shearwaters,OTB_569,Otter bottom trawl,-0.665129511,11
18.65588795,4828.303951,0.003863859,0.996917243,Shearwaters,OTB_571,Otter bottom trawl,0.342953234,54
17.64813459,4828.30392,0.003655142,0.997083767,Shearwaters,OTB_573,Otter bottom trawl,0.324427594,50
-17.97171333,5474.749792,-0.003282655,0.997380952,Shearwaters,OTB_587,Otter bottom trawl,-0.353096473,30
-50.62511155,5030.97417,-0.010062686,0.991971663,Shearwaters,OTB_634,Otter bottom trawl,-0.994649091,2
-23.42156932,4971.023671,-0.004711619,0.996240868,Shearwaters,OTB_666,Otter bottom trawl,-0.46017168,25
-35.3807462,5337.879597,-0.00662824,0.994711725,Shearwaters,OTB_669,Otter bottom trawl,-0.695137768,8
-36.0455364,6002.345091,-0.006005242,0.995208771,Shearwaters,OTB_765,Otter bottom trawl,-0.708199131,7
18.56162474,4828.304516,0.003844336,0.99693282,Shearwaters,OTB_1533,Otter bottom trawl,0.341220383,53
-31.65891642,6107.34876,-0.005183741,0.995864192,Shearwaters,OTB_1556,Otter bottom trawl,-0.62201369,15
-38.966709,12774.36584,-0.003050383,0.997566268,Shearwaters,OTB_1580,Otter bottom trawl,-0.765592421,5
-50.8974592,4884.777151,-0.010419607,0.99168691,Shearwaters,OTB_1657,Otter bottom trawl,-1,1
17.57933315,4828.304413,0.003640892,0.997095136,Shearwaters,OTB_1690,Otter bottom trawl,0.323162809,49
16.90658091,4828.303986,0.003501557,0.997206303,Shearwaters,OTB_1853,Otter bottom trawl,0.310795531,48
44.09358812,5180.226703,0.008511903,0.993208895,Pinnipeds,OTB_22,Otter bottom trawl,0.810577266,50
44.84650954,5180.226619,0.008657249,0.993092936,Pinnipeds,OTB_54,Otter bottom trawl,0.824418303,55
42.96397411,5180.226841,0.00829384,0.993382869,Pinnipeds,OTB_58,Otter bottom trawl,0.789811448,44
43.75982823,5180.226616,0.008447474,0.993260298,Pinnipeds,OTB_64,Otter bottom trawl,0.804441721,49
3.319325839,5768.470114,5.75E-04,0.999540899,Pinnipeds,OTB_67,Otter bottom trawl,0.061019531,28
41.5694584,5180.226623,0.008024641,0.993597642,Pinnipeds,OTB_85,Otter bottom trawl,0.764175913,36
41.5209258,5180.226623,0.008015272,0.993605116,Pinnipeds,OTB_86,Otter bottom trawl,0.763283733,35
-3.267314498,5366.900863,-6.09E-04,0.99951428,Pinnipeds,OTB_93,Otter bottom trawl,-0.064194059,5
42.56937755,5180.226798,0.008217667,0.993443642,Pinnipeds,OTB_115,Otter bottom trawl,0.782557536,42
-2.820289978,5421.300651,-5.20E-04,0.999584942,Pinnipeds,OTB_117,Otter bottom trawl,-0.055411213,10
-2.651601802,5433.07357,-4.88E-04,0.999610613,Pinnipeds,OTB_137,Otter bottom trawl,-0.052096938,13
-2.650609609,5546.339395,-4.78E-04,0.999618707,Pinnipeds,OTB_143,Otter bottom trawl,-0.052077445,14
44.25683266,5180.226625,0.008543416,0.993183753,Pinnipeds,OTB_149,Otter bottom trawl,0.813578208,52
-0.152826747,6687.676881,-2.29E-05,0.999981768,Pinnipeds,OTB_171,Otter bottom trawl,-0.00300264,22
1.630161256,5873.841008,2.78E-04,0.999778575,Pinnipeds,OTB_172,Otter bottom trawl,0.029967433,26
-2.643622816,8190.718275,-3.23E-04,0.999742489,Pinnipeds,OTB_189,Otter bottom trawl,-0.051940173,15
-3.959534052,6191.578036,-6.40E-04,0.999489775,Pinnipeds,OTB_203,Otter bottom trawl,-0.077794336,1
1.875025147,5211.465497,3.60E-04,0.999712944,Pinnipeds,OTB_210,Otter bottom trawl,0.034468793,27
-3.459521269,5645.032073,-6.13E-04,0.999511045,Pinnipeds,OTB_222,Otter bottom trawl,-0.067970412,4
-2.810174522,5942.145058,-4.73E-04,0.999622681,Pinnipeds,OTB_229,Otter bottom trawl,-0.055212472,11
-2.936515303,5873.840988,-5.00E-04,0.999601132,Pinnipeds,OTB_233,Otter bottom trawl,-0.057694733,8
42.55824891,5180.226833,0.008215518,0.993445356,Pinnipeds,OTB_252,Otter bottom trawl,0.782352957,41
40.77893635,5180.226732,0.007872037,0.993719392,Pinnipeds,OTB_254,Otter bottom trawl,0.749643659,32
42.48260303,5180.226564,0.008200916,0.993457006,Pinnipeds,OTB_255,Otter bottom trawl,0.780962351,40
41.45295866,5180.226587,0.008002152,0.993615584,Pinnipeds,OTB_261,Otter bottom trawl,0.762034285,34
-2.024465007,5606.701668,-3.61E-04,0.999711914,Pinnipeds,OTB_315,Otter bottom trawl,-0.039775365,17
40.8684325,5180.226603,0.007889314,0.993705609,Pinnipeds,OTB_341,Otter bottom trawl,0.751288876,33
-3.096679146,5333.373406,-5.81E-04,0.999536752,Pinnipeds,OTB_344,Otter bottom trawl,-0.060841527,6
43.45666871,5180.226652,0.008388951,0.993306988,Pinnipeds,OTB_397,Otter bottom trawl,0.798868707,47
43.49304681,5180.226635,0.008395974,0.993301385,Pinnipeds,OTB_407,Otter bottom trawl,0.799537449,48
0.432175466,5366.406438,8.05E-05,0.999935747,Pinnipeds,OTB_428,Otter bottom trawl,0.007944729,24
0.576762572,5265.389142,1.10E-04,0.999912605,Pinnipeds,OTB_430,Otter bottom trawl,0.01060269,25
-0.443531118,5441.583233,-8.15E-05,0.999934969,Pinnipeds,OTB_440,Otter bottom trawl,-0.008714209,20
45.18703769,5180.22661,0.008722985,0.99304049,Pinnipeds,OTB_454,Otter bottom trawl,0.830678269,56
-2.668852097,5816.810965,-4.59E-04,0.999633935,Pinnipeds,OTB_491,Otter bottom trawl,-0.052435861,12
40.53176883,5180.226597,0.007824324,0.993757459,Pinnipeds,OTB_506,Otter bottom trawl,0.745099951,31
43.01292783,5180.226572,0.008303291,0.993375329,Pinnipeds,OTB_513,Otter bottom trawl,0.790711369,45
39.77080067,5180.226663,0.007677425,0.993874658,Pinnipeds,OTB_527,Otter bottom trawl,0.73111099,30
39.70528706,5180.226633,0.007664778,0.993884748,Pinnipeds,OTB_531,Otter bottom trawl,0.729906646,29
44.73814469,5180.226613,0.00863633,0.993109625,Pinnipeds,OTB_538,Otter bottom trawl,0.82242622,54
46.7566589,5180.226835,0.009025987,0.992798751,Pinnipeds,OTB_540,Otter bottom trawl,0.859532788,57
-2.920405275,5726.968846,-5.10E-04,0.999593147,Pinnipeds,OTB_563,Otter bottom trawl,-0.057378213,9
-2.397199756,5429.023481,-4.42E-04,0.999647709,Pinnipeds,OTB_565,Otter bottom trawl,-0.047098613,16
43.28639657,5180.226603,0.008356082,0.993333212,Pinnipeds,OTB_569,Otter bottom trawl,0.795738575,46
42.04094088,5180.226571,0.008115657,0.993525027,Pinnipeds,OTB_571,Otter bottom trawl,0.772843227,38
44.14115229,5180.22659,0.008521085,0.993201569,Pinnipeds,OTB_573,Otter bottom trawl,0.811451643,51
-1.191817551,5873.841212,-2.03E-04,0.999838115,Pinnipeds,OTB_587,Otter bottom trawl,-0.023416052,18
0.111456462,5397.678131,2.06E-05,0.999983525,Pinnipeds,OTB_634,Otter bottom trawl,0.002048916,23
42.8368409,5180.226612,0.008269299,0.993402449,Pinnipeds,OTB_666,Otter bottom trawl,0.787474344,43
-3.672480458,5726.968839,-6.41E-04,0.999488373,Pinnipeds,OTB_669,Otter bottom trawl,-0.072154495,3
-3.015688998,6439.894779,-4.68E-04,0.999626383,Pinnipeds,OTB_765,Otter bottom trawl,-0.059250286,7
-3.87208103,6852.832007,-5.65E-04,0.99954919,Pinnipeds,OTB_1533,Otter bottom trawl,-0.076076116,2
42.15422632,5180.226668,0.008137525,0.99350758,Pinnipeds,OTB_1556,Otter bottom trawl,0.774925765,39
-1.146400224,13705.73678,-8.36E-05,0.999933265,Pinnipeds,OTB_1580,Otter bottom trawl,-0.022523722,19
-0.196557439,5240.817877,-3.75E-05,0.999970077,Pinnipeds,OTB_1657,Otter bottom trawl,-0.003861832,21
41.81990179,5180.22674,0.008072987,0.99355907,Pinnipeds,OTB_1690,Otter bottom trawl,0.768779841,37
44.67979696,5180.226571,0.008625066,0.993118611,Pinnipeds,OTB_1853,Otter bottom trawl,0.821353607,53