set_id,vessel_id,year,month,day,set_start_time,set_start_longd,set_start_latd,depth_avg,effort_offset,bycatch_a_cnt,bycatch_b_cnt,bycatch_c_cnt,targetcatch_3_kg
set919,vsl30,1992,11,27,4.5,29.49147752396763,-33.79724895841442,NA,2.25,0,0,0,781
set945,vsl38,1992,10,15,11,32.08414725673759,-37.23107341089611,NA,4.17,0,1,0,14
set296,vsl19,1999,7,30,17,28.245104507504823,-38.41141487841751,NA,0.17,0,0,0,115.2
set847,vsl19,1991,7,30,15.5,30.956473464359817,-44.12564874318719,NA,0.17,0,0,0,2201.6
set322,vsl19,1995,7,29,13.583333333333334,31.299911404111672,-44.08551024538445,NA,0.33,0,0,0,576
set474,vsl7,1994,7,25,13.283333333333333,22.11806882146049,-41.207773363322595,NA,2.72,0,0,0,2000
set105,vsl7,1993,7,24,9.833333333333334,24.528777957926295,-43.878879871767744,NA,1.23,0,0,4,1575
set972,vsl19,1995,3,11,6.55,26.318962972221534,-39.92138917378962,NA,6.6,0,0,0,266.3
set942,vsl7,1998,7,30,13.516666666666667,24.721389566084795,-38.11233855775178,NA,4.27,0,0,1,1355
set319,vsl41,1999,8,18,9.583333333333334,24.40009588237929,-41.48286030754751,NA,5.5,0,0,0,521.1
set802,vsl19,1994,8,10,11.95,31.306038434605995,-41.21965900230376,750,4.22,0,0,0,72.7
set192,vsl36,1992,6,30,5.116666666666666,28.504952068632225,-39.90236973307221,643,0.15,0,0,0,548
set240,vsl29,1998,7,24,7.183333333333334,25.35283409322044,-39.15215280653374,509,5.92,0,0,1,1264.2
set166,vsl11,1998,11,13,12.766666666666667,31.756541680072232,-34.59234589531422,500,3.02,0,0,0,NA
set463,vsl29,1998,7,24,5.233333333333333,22.61570634278017,-37.73524510589195,444,0.77,0,0,0,4400
set397,vsl12,1992,7,17,6.833333333333333,33.875078375269794,-36.27381538012865,426,3.25,0,0,0,6581.9
set867,vsl24,1997,6,22,5.516666666666667,28.9402191777744,-44.49115294118068,703,1.03,0,0,0,2500
set781,vsl24,1999,6,27,8.083333333333334,27.643582957046217,-45.19911220753284,660,1.02,0,0,0,80
set801,vsl24,1996,6,27,13.05,29.412175813942145,-43.65197882455962,635,0.82,0,0,0,380
set989,vsl23,1999,9,11,6.433333333333334,51.25687623864225,-36.02036944486746,1020,15.75,0,0,0,144.3
set733,vsl24,1998,7,6,16.333333333333332,30.985183726318823,-40.9197868319022,961,1.25,0,0,0,1100
set803,vsl24,1992,6,20,4.216666666666667,31.61500225267842,-46.47077191419164,726,0.95,0,0,0,500
set587,vsl24,1993,6,26,21.816666666666666,31.342698144908052,-44.692794488672185,688,0.78,0,0,0,1202.5
set456,vsl24,1990,7,7,0.8333333333333334,31.582348335160745,-40.366421458547315,922,1.02,0,0,0,2000
set667,vsl24,1996,7,7,3.066666666666667,29.636028074477583,-43.799469345476105,911,0.98,0,0,0,500
set416,vsl24,1994,7,6,14.616666666666667,29.945581310672683,-39.7427085169885,953,0.97,0,0,0,1000
set985,vsl19,1999,8,7,18.5,28.972610839339566,-42.398915676162126,960,3.83,0,0,0,117.8
set861,vsl24,1996,7,7,10.866666666666667,29.286395676379534,-40.851564322490475,937,1.18,0,0,0,591.5
set465,vsl24,1998,7,3,18.3,27.542773733723543,-39.33659115579207,976,1.22,0,0,0,4710
set527,vsl24,1998,7,5,17.25,26.714239511073327,-41.69055192551273,941,1.05,0,0,0,5000
set180,vsl24,1999,7,6,6.916666666666667,31.416574013647303,-39.02903067282187,1005,1.12,0,0,0,4144.3
set717,vsl24,1996,7,5,12.016666666666667,31.07672525704953,-41.59826938245102,948,0.95,0,0,0,700
set893,vsl24,1994,7,5,13.983333333333333,29.851050501701557,-40.811348363115094,977,1.12,0,0,0,3045.5
set961,vsl23,1996,9,9,8.766666666666667,49.911718552776534,-34.33991150863551,1050,7.5,0,0,0,347
set612,vsl24,1994,6,22,22.766666666666666,27.587022095819517,-45.019285077122106,650,0.9,0,0,0,9601.7
set786,vsl24,1995,7,4,8.25,28.63228242572024,-41.643933639188106,1047,1.23,0,0,0,3400
set806,vsl23,1998,9,21,15.516666666666667,49.713476467741195,-34.5996754384269,1115,2.57,0,0,0,116
set681,vsl19,1991,8,6,23.166666666666668,27.1121106612694,-42.05764706262151,920,4.83,0,0,0,3501
set660,vsl24,1994,7,3,8.316666666666666,27.7143409740699,-40.64171160605169,1027,0.93,0,0,0,2923.7
set371,vsl35,1997,6,13,14.833333333333334,27.21252621672023,-40.80326712555091,1000,1.33,0,0,0,400
set143,vsl19,1991,8,6,14.583333333333334,26.65245780848777,-44.50029691282855,920,4.85,0,0,0,572.8
set331,vsl35,1990,7,5,11.45,28.267487614337945,-43.048546114425406,800,1.03,0,0,0,250.8
set197,vsl24,1998,6,24,11.616666666666667,29.914095259428983,-43.570211737954565,660,0.88,0,0,0,598.5
set108,vsl23,1998,6,7,9.066666666666666,27.98790564935026,-41.421583881020034,860,1.78,0,0,0,1530.6
set326,vsl24,1995,6,22,19.45,28.36781660488368,-41.68856894069246,659,0.85,0,0,0,2922
set512,vsl19,1994,9,13,2.3333333333333335,26.62118023692117,-38.16984515930246,1000,6.92,0,0,0,185
set517,vsl19,1998,8,7,5.583333333333333,27.171875461545117,-40.82453904556796,950,3.83,0,0,0,2035.1
set964,vsl19,1999,3,2,8.133333333333333,22.828032787567302,-35.79962616686567,920,10.75,0,0,0,425.9
set334,vsl19,1993,12,15,9.166666666666666,19.666471546273403,-41.2404629221767,820,10.5,0,0,0,28
set883,vsl19,1995,9,21,12.3,24.67994397132615,-43.60532657186575,973,12.65,0,0,0,2499.1
set855,vsl23,1997,7,5,9.35,26.148230012082035,-42.9494400024881,779,1.07,0,0,0,4434.8
set352,vsl19,1995,9,22,18.216666666666665,22.3781139011985,-41.822525563882415,917,8.9,0,0,0,51.5
set898,vsl24,1995,7,13,17.5,30.47217738080136,-44.44809689776355,913,0.73,0,0,0,7569
set726,vsl24,1996,7,13,15.516666666666667,26.57946111969042,-41.54255371486624,907,0.73,0,0,0,2000
set819,vsl3,1990,8,8,23.966666666666665,29.07160350310408,-42.188108518026866,1044,4,0,0,0,83.2
set792,vsl24,1995,7,6,10.433333333333334,27.073220490423328,-39.398464381080586,954,0.98,0,0,0,271
set530,vsl23,1991,9,12,20.1,43.41457643625284,-38.80508261180574,1005,12.77,0,0,0,238.8
set764,vsl19,1990,6,23,15.333333333333334,30.211952140072608,-39.12306646944551,950,0.37,0,0,0,2595.2
set636,vsl19,1993,9,9,13.166666666666666,28.0034669329222,-43.31340981394798,990,11.17,1,0,0,556.2
set926,vsl19,1994,3,25,15.666666666666666,23.418973190046273,-41.056526401178616,750,13.08,0,0,0,122
set988,vsl35,1995,5,21,11.833333333333334,24.911691386749673,-41.364216182162515,714,0.42,0,0,0,22.4
set288,vsl23,1992,9,9,20.566666666666666,41.30536247271793,-35.77017369604951,650,2.32,0,0,0,975.5
set900,vsl19,1998,2,22,17.583333333333332,23.57590643690341,-41.05023082140894,620,12.13,0,0,0,404
set651,vsl24,1993,6,22,11.333333333333334,30.567683647619848,-37.76101168689992,920,1.08,0,0,0,1000
set375,vsl35,1995,6,27,17.05,28.46205483870556,-42.99232829195284,564,1.02,0,0,0,401.5
set906,vsl35,1998,8,6,18.783333333333335,19.282560823946486,-34.49918310658978,980,0.4,0,0,0,4723.2
set312,vsl35,1996,7,5,21.066666666666666,30.445115517548174,-45.142504781618754,720,0.65,0,0,0,150
set282,vsl19,1992,6,22,15.383333333333333,28.413743912815907,-41.754109312440406,600,0.35,0,0,0,643.2
set204,vsl19,1997,7,8,13.833333333333334,30.215859399755026,-43.61792270380287,580,0.93,0,0,0,345.6
set766,vsl23,1998,9,15,18.666666666666668,40.27806038627851,-40.227396290396946,900,13.35,0,0,0,469
set442,vsl35,1992,7,3,17.083333333333332,29.96688509961405,-44.35217271204551,850,0.68,0,0,0,249
set595,vsl24,1996,7,9,21.316666666666666,25.85953680133077,-43.98812337912459,841,0.75,0,0,0,2231.3
set990,vsl19,1992,8,4,14.166666666666666,28.666609875877462,-42.38189155049525,820,0.75,0,0,0,158.1
set686,vsl19,1996,7,8,15.983333333333333,27.14745224015911,-42.304247572736195,600,0.73,0,0,0,892.6
set637,vsl24,1995,7,7,7.85,28.085618169102133,-39.35251067920685,984,0.95,0,0,0,1800
set316,vsl24,1999,6,22,18.5,29.3588910978876,-37.58747467739906,850,1.08,0,0,0,280.3
set737,vsl24,1994,7,12,20.65,27.865495893284415,-40.82815244962348,829,0.85,0,0,0,3000
set722,vsl24,1994,7,10,1.6166666666666667,26.487588439475452,-40.29541741977587,824,0.85,0,0,0,1800
set402,vsl35,1997,3,4,7.2,25.805289931595315,-43.301211801900685,960,0.8,0,0,0,4485
set747,vsl19,1992,8,5,20.666666666666668,29.7006397471747,-38.81118084753379,900,5.67,0,0,0,299.4
set878,vsl35,1999,7,27,8.933333333333334,28.280727665264095,-39.7472704618374,845,1.05,0,0,0,495.9
set583,vsl19,1991,8,4,11.833333333333334,30.419997514329456,-40.51586805406448,820,0.53,0,0,0,155.1
set782,vsl35,1999,6,27,1.2166666666666668,41.6303054859191,-37.406152093033434,800,0.8,0,0,0,327
set946,vsl35,1991,6,28,1.25,44.627883315538504,-33.97585826030001,800,0.58,0,0,0,200
set770,vsl35,1999,7,4,3.25,49.60997688540238,-32.86940890960093,800,0.83,0,0,0,100
set652,vsl35,1995,6,26,21.883333333333333,48.774031609775115,-32.25673056848984,800,0.78,0,0,0,217
set184,vsl35,1993,6,28,14.066666666666666,48.710022856653325,-37.796484802562695,800,0.85,0,0,0,170
set840,vsl35,1990,7,5,22.666666666666668,42.28227013138778,-35.47028320750549,800,1.13,0,0,0,300
set387,vsl35,1995,7,4,19.35,41.885411225690696,-37.79340074233006,800,0.83,0,0,0,1100
set974,vsl35,1992,6,28,16.033333333333335,46.61066232690332,-32.61366575336795,800,0.97,0,0,0,137.7
set201,vsl35,1997,7,4,9.166666666666666,43.77699025168014,-32.878436025845765,800,1.25,0,0,0,300
set251,vsl35,1992,7,3,6.133333333333334,46.596291114532534,-32.98227635458892,800,0.88,0,0,0,992
set870,vsl35,1997,7,5,7.75,43.57617411209269,-37.33481111705712,800,0.77,0,0,0,220
set258,vsl35,1990,7,3,20.416666666666668,42.35563310813403,-38.49878398013153,800,0.98,0,0,0,2706
set283,vsl35,1996,7,7,2.6666666666666665,50.02332703346386,-40.86386749567464,800,0.68,0,0,0,480
set303,vsl35,1996,6,25,11,44.138319966595425,-38.25581296066576,800,0.87,0,0,0,7000
set464,vsl36,1996,10,19,7.85,28.168093978454134,-41.13660069322236,800,0.53,0,0,0,1289.6
set993,vsl19,1995,6,24,13.75,29.32884310731085,-43.726391381661024,750,0.93,0,0,0,310.4
set598,vsl35,1996,6,26,9.683333333333334,27.794699061070897,-43.11458236834361,700,1.07,0,0,0,200
set317,vsl19,1999,7,9,9.05,28.703152424654135,-38.9062116953265,580,0.83,0,0,0,1639.3
set158,vsl19,1994,7,9,12.916666666666666,31.381038819645028,-43.260426158779765,580,0.98,0,0,0,1678
set242,vsl24,1995,7,11,19.033333333333335,28.62162195065609,-44.53893245571926,837,0.82,0,0,0,4010
set500,vsl35,1997,6,27,13.416666666666666,31.001165469375163,-41.47733827313496,579,1,1,0,0,200
set648,vsl24,1994,7,12,10.366666666666667,31.11804323871822,-42.30476026136598,922,1.02,0,0,0,3000
set154,vsl19,1996,6,24,12.816666666666666,29.393791291271732,-44.826938300704626,600,0.78,0,1,0,5038.9
set918,vsl3,1993,7,6,6.316666666666666,28.25054025194985,-44.95830276034992,768,1.17,0,0,0,577.5
set294,vsl24,1992,7,9,3.0833333333333335,28.32264801286843,-45.365723407426295,628,1.75,0,0,0,800
set772,vsl24,1998,7,14,3.85,31.210219800550128,-37.93991959117525,819,0.85,0,0,0,2600
set911,vsl19,1996,6,7,1.1666666666666667,27.522727787995713,-44.29625547865851,890,3.45,0,0,0,1500
set675,vsl35,1995,7,6,5.883333333333333,26.2321975189396,-41.06662866117424,770,0.67,0,0,0,200
set171,vsl35,1999,7,26,13.333333333333334,31.342047854140745,-40.30959464983884,760,0.03,0,0,0,3500
set363,vsl24,1998,7,9,11.633333333333333,29.989537792443567,-39.821997797796776,838,0.87,0,0,0,4350
set489,vsl3,1996,7,6,16.866666666666667,26.706961244568205,-39.133587902969985,780,1.27,0,0,0,905.4
set145,vsl35,1991,8,12,14.333333333333334,29.042808737550303,-40.59230422216304,770,0.73,0,0,0,202.2
set545,vsl35,1992,8,13,8.35,31.371201955950628,-44.847824649893454,770,0.77,0,0,0,270.2
set406,vsl35,1997,8,12,1.8,29.251191698807155,-39.29540545503074,770,0.73,0,0,0,393.5
set663,vsl35,1993,8,12,18.433333333333334,28.21025268958176,-41.80352765557207,770,0.77,0,0,0,1530
set130,vsl35,1996,8,12,10.75,29.610168503739477,-38.78173744050991,770,0.68,0,0,0,1330.2
set624,vsl35,1993,8,13,6.85,27.72296233355495,-38.704693413552874,770,0.75,0,0,0,150
set729,vsl35,1990,8,12,9.333333333333334,27.653361268027503,-43.03927921309006,760,0.67,0,0,0,150
set150,vsl35,1993,5,21,6.083333333333333,26.39506439726182,-41.05594023935883,714,0.5,0,0,0,2975
set255,vsl19,1998,6,24,10.783333333333333,31.55528691638019,-37.593880561945575,600,0.35,0,0,0,81.2
set776,vsl24,1997,7,6,4.083333333333333,28.334783607406543,-47.74045206552092,660,0.88,0,0,0,300
set165,vsl35,1993,7,3,13.333333333333334,26.69762121425202,-38.08721292962341,800,0.73,0,0,0,200
set797,vsl35,1997,7,3,15.416666666666666,29.850325844343857,-41.77442488340475,800,0.85,0,0,0,400
set177,vsl35,1992,8,5,15.516666666666667,29.43623670514616,-41.57102494528941,780,0.72,0,0,0,170
set330,vsl35,1993,8,9,15,31.011115654438715,-43.868049051236774,760,0.75,0,0,0,200
set572,vsl35,1993,8,9,12,29.753880298908214,-42.91227065765186,760,1,0,0,0,300
set436,vsl35,1995,7,7,13.983333333333333,30.122100025226526,-41.78037238792228,740,0.57,0,0,0,100
set607,vsl35,1990,7,7,18.25,28.876049445385096,-43.06065964998703,740,0.93,0,0,0,300
set274,vsl35,1999,7,4,19.783333333333335,29.68093871406891,-43.31866174501167,740,0.8,0,0,0,600
set923,vsl35,1993,7,10,4.6,30.610492826212035,-40.258722550551,740,0.85,0,0,0,2680
set685,vsl35,1998,7,7,20.316666666666666,30.40598312365097,-39.488635993810696,740,0.52,0,0,0,5200
set973,vsl35,1996,7,5,21.033333333333335,31.510433657496588,-41.49830507245651,740,0.67,0,0,0,1692.8
set368,vsl35,1997,7,4,15.55,28.410622310169536,-39.25549511013223,740,0.62,0,0,0,200
set642,vsl35,1994,7,5,15.75,27.677074664205826,-43.9744738249328,740,0.55,0,0,0,4400
set687,vsl35,1991,7,5,10.1,28.239466849573017,-40.45796971228952,740,0.62,0,0,0,80
set117,vsl35,1998,7,7,6.516666666666667,26.937755382475444,-44.981695811894056,740,0.78,0,0,0,931.2
set501,vsl35,1999,7,6,6.516666666666667,27.193298574702386,-40.70998862967388,740,0.77,0,0,0,200
set680,vsl35,1993,6,25,7.066666666666666,27.253454895564506,-42.27207343706819,580,0.93,0,0,0,1395.2
set392,vsl24,1994,7,12,19.516666666666666,26.297667436006936,-42.55260038487083,873,1,0,0,0,3940
set480,vsl19,1996,11,23,9.25,22.165538365221025,-39.10600039689509,870,9.75,0,0,0,343.8
set409,vsl19,1990,7,8,23.066666666666666,30.099772731294426,-38.26249554852314,580,0.7,0,0,0,675.4
set723,vsl24,1997,6,29,15.116666666666667,32.55262114255165,-47.60656467541106,667,0.97,0,0,0,140
set364,vsl23,1997,7,2,19.2,28.71928994575959,-42.16476330342164,892,0.63,0,0,0,141.4
set473,vsl23,1999,7,1,9.783333333333333,28.121929623393346,-43.31240830593193,769,1.03,0,0,0,148.9
set176,vsl19,1998,12,16,22.166666666666668,21.987288941227824,-43.33302927074803,850,9.08,0,0,0,114
set791,vsl42,1997,12,25,18.633333333333333,21.797575191874053,-41.07965262126238,850,12.3,0,0,0,122.2
set428,vsl35,1994,8,6,21.383333333333333,29.166671216611405,-37.655746204226965,850,0.67,0,0,0,286
set655,vsl35,1996,7,26,7.516666666666667,28.44131659404117,-41.32419893653067,850,0.58,0,0,0,600
set940,vsl19,1996,7,19,12,27.14621429801774,-38.846811128021095,850,0.77,0,0,0,2413.5
set924,vsl19,1999,7,29,17.65,28.77222662796316,-40.21530330279899,850,0.78,0,0,0,3317
set350,vsl35,1999,7,26,12.65,27.91868831636597,-38.8265106928548,850,0.57,0,0,0,2000
set219,vsl19,1997,7,18,19.2,29.61635955182353,-40.903986874717795,850,0.57,0,0,0,103.8
set427,vsl19,1995,7,28,12.05,28.050079049132332,-39.10854591995364,850,0.77,0,0,0,250
set701,vsl19,1996,7,28,14.65,27.918810939532705,-38.09572448163408,850,0.87,0,0,0,255
set125,vsl19,1999,7,30,8.7,28.952766324669852,-37.71479550464024,850,0.98,0,0,0,196
set914,vsl19,1990,7,29,9.733333333333333,30.1401289358775,-42.81649897323817,850,0.9,0,0,0,1429.1
set455,vsl19,1998,7,28,20.033333333333335,27.15373513968382,-39.48442528738662,850,1.12,0,0,0,516.5
set630,vsl19,1992,7,18,20.833333333333332,28.25500099323112,-38.350214028292704,850,0.63,0,0,0,220
set653,vsl19,1999,7,20,13.466666666666667,27.411276685419335,-45.13916936501051,850,0.87,0,0,0,1736.5
set276,vsl19,1994,7,31,9.983333333333333,29.48280671379901,-40.744669059804274,850,2.17,0,0,0,1335
set646,vsl35,1998,8,8,11.366666666666667,30.82789853098896,-42.72701447696703,850,0.87,0,0,0,90
set619,vsl19,1993,8,1,15.183333333333334,30.1604208285707,-44.96418788280146,850,0.87,0,0,0,546
set558,vsl19,1999,7,31,13.816666666666666,29.681458743387136,-39.22265864842895,850,1.67,0,0,0,750.4
set998,vsl19,1996,8,1,11.1,29.39584745686258,-41.981854250010734,850,2.45,0,0,0,2230.1
set300,vsl1,1996,7,2,20.85,28.93244981776053,-40.36718587840934,800,0.92,0,0,0,130.2
set728,vsl1,1999,7,2,17.533333333333335,30.91821490637381,-37.87019107976756,800,0.75,0,0,0,288
set432,vsl35,1993,6,14,5.166666666666667,29.22785847838827,-42.34526210733514,800,0.92,0,0,0,3928.7
set313,vsl35,1997,7,3,6.283333333333333,30.712923804835835,-37.13119533673231,800,0.67,0,0,0,4000
set509,vsl35,1998,5,30,6.416666666666667,27.6802393549512,-38.84831636876592,800,0.83,0,0,0,1939.5
set449,vsl35,1998,5,31,6.033333333333333,27.40822041000522,-44.25675406515844,800,0.75,0,0,0,119.2
set725,vsl35,1994,6,2,5.483333333333333,29.301643183476603,-43.708372210791296,800,0.63,0,0,0,400
set146,vsl35,1996,5,30,8.75,28.653205826521457,-38.226511705891454,800,0.58,0,0,0,300
set104,vsl35,1995,6,2,9.033333333333333,27.409897781190427,-40.309319305345035,800,0.53,0,0,0,110.8
set714,vsl1,1999,7,3,7.75,31.13430933517147,-42.83132848118445,800,0.78,0,0,0,2632.1
set495,vsl19,1999,9,12,14.533333333333333,30.792844769902537,-43.359221763374535,800,7.43,0,0,0,284.8
set148,vsl35,1999,8,3,11.583333333333334,27.734779190099072,-41.67153633994865,770,0.25,0,0,0,661.2
set250,vsl35,1999,8,7,18.416666666666668,29.45191159797202,-43.41251796287406,770,0.25,0,0,0,1200
set561,vsl35,1994,8,3,22.166666666666668,31.277246703724337,-37.311637900668785,770,0.08,0,0,0,1411.7
set927,vsl35,1996,8,7,8.083333333333334,28.56915492569548,-38.70542509708736,770,0.08,0,0,0,1490
set793,vsl35,1994,8,14,12.25,28.225739958519593,-44.36289775236324,770,0.08,0,0,0,9300
set815,vsl35,1999,8,14,7.583333333333333,29.68706771772016,-38.00474401029442,770,0.08,0,0,0,1025
set522,vsl35,1993,8,11,6.166666666666667,29.188434957051975,-40.276830742186675,770,0.25,0,0,0,3000
set260,vsl35,1995,8,10,22.083333333333332,27.257938734928484,-44.18158615322667,770,0.33,0,0,0,220
set695,vsl35,1990,6,14,3.5,29.34373923881827,-41.14636468683461,770,0.92,0,0,0,100
set854,vsl42,1994,3,17,13.816666666666666,NA,NA,750,14.65,0,0,0,19.8
set790,vsl35,1998,8,17,15.1,28.198131092344575,-41.107907387540095,750,0.9,0,0,0,1249.6
set357,vsl35,1993,8,11,10.766666666666667,30.943949957230274,-45.24891584958415,750,0.67,0,0,0,1300
set278,vsl35,1990,8,16,18.833333333333332,26.862440742605152,-43.57540551743299,750,0.75,0,0,0,1700
set309,vsl35,1991,8,5,19.716666666666665,26.87355630467148,-41.588644667568126,750,0.63,0,0,0,4235.4
set944,vsl35,1993,8,5,13.65,28.655882047895904,-40.55414077713259,750,0.78,0,0,0,200
set691,vsl19,1999,6,24,3.7666666666666666,27.34808490217321,-45.33278855836205,600,0.52,0,0,0,2650
set115,vsl35,1990,6,27,19.833333333333332,27.12758627704965,-39.220036195934746,572,0.83,0,0,0,1294.3000000000002
set843,vsl24,1994,7,11,22.866666666666667,29.741622112250237,-41.554521011796275,935,0.9,0,0,0,4500
set378,vsl23,1994,7,1,7.65,26.16468253459152,-37.77804159134548,779,1.05,0,0,0,697.4
set113,vsl23,1998,7,1,12.1,29.92224489716719,-43.83598924128178,771,0.95,0,0,0,698.8
set788,vsl3,1997,7,5,19.966666666666665,27.914205939411875,-40.276191193555405,770,1.32,0,0,0,275.2
set611,vsl23,1996,7,2,16.1,28.235264087287273,-43.7154359903872,781,0.5,0,0,0,227
set756,vsl23,1998,6,8,23.733333333333334,30.577197965901984,-38.75113318079489,890,1.53,0,0,0,124.8
set807,vsl42,1994,12,21,16.5,26.61561739576592,-45.717983773516586,850,10.55,0,0,0,2201.7
set266,vsl19,1991,11,22,22.833333333333332,22.598240259455014,-39.58187560585188,848,9.92,0,0,0,715.3
set404,vsl35,1999,8,9,7.833333333333333,31.4113682300064,-41.41935941456409,760,0.75,0,0,0,214.4
set696,vsl3,1995,7,3,20.583333333333332,30.07633894861209,-38.03750704849629,755,1.12,0,0,0,90
set539,vsl19,1996,6,27,11.416666666666666,29.831168533428094,-44.42549183952681,600,0.28,0,0,0,661.2
set830,vsl35,1998,6,25,4.416666666666667,26.18234014940259,-44.98197163426325,580,0.95,0,0,0,250
set761,vsl19,1994,6,11,9.716666666666667,28.64683312975524,-41.16220846003796,800,0.2,0,0,0,3512
set200,vsl23,1994,6,30,10.983333333333333,29.10792280007843,-38.97206652265885,787,0.67,0,0,0,748.8
set626,vsl24,1994,7,11,4.383333333333334,31.13476466237731,-41.735636660557006,912,1,0,0,0,6007.9
set759,vsl24,1996,7,8,13.25,31.15660161519462,-39.59502157559914,665,0.57,0,0,0,2500
set194,vsl19,1993,6,15,9.133333333333333,28.364051467179145,-39.398311638154475,800,0.13,0,0,0,303
set441,vsl23,1991,7,4,2.4166666666666665,29.01044637812304,-39.8526362625703,789,0.67,0,0,0,88
set639,vsl23,1990,7,3,13.216666666666667,26.287077040553495,-41.979964315554696,778,0.87,0,0,0,3362.1
set223,vsl23,1990,7,3,11.016666666666667,27.389047629519577,-39.176349348663166,780,0.75,0,0,0,517
set321,vsl19,1991,10,7,13.416666666666666,25.249715471255595,-39.62143442945825,831,3.7,0,0,0,238.5
set978,vsl19,1990,6,20,14.333333333333334,26.996059903809662,-38.03779569270231,800,1,0,0,0,192
set661,vsl23,1991,6,29,17.833333333333332,30.108509847331064,-42.91449386447857,780,0.73,0,0,0,434
set259,vsl35,1997,6,2,10.783333333333333,26.757823841009095,-44.85560815658444,650,0.57,0,0,0,1589.2
set213,vsl24,1990,7,11,16.75,30.487231830688422,-39.91843292240472,926,1.03,0,0,0,2240.9
set730,vsl36,1992,6,28,8.683333333333334,29.02379254373068,-37.736094399129875,760,0.08,0,0,0,2378.8
set789,vsl23,1991,7,6,11.833333333333334,29.694683540374225,-39.76010177721549,772,0.63,0,0,0,196.2
set963,vsl24,1991,7,9,7.2,26.853231274940157,-42.523216954941255,901,0.83,0,0,0,2000
set643,vsl23,1998,9,17,6.15,47.432207258432655,-39.820175202346356,890,14.75,0,0,0,97
set731,vsl23,1995,6,30,7.633333333333333,28.18572695117073,-41.83490505941443,770,1.08,0,0,0,693.8
set525,vsl3,1999,7,4,16.016666666666666,31.46320564882288,-37.45968370862588,760,1.08,0,0,0,1287.5
set556,vsl24,1999,7,11,3.6833333333333336,31.428431945357342,-38.91513015403161,896,0.87,0,0,0,6619.6
set229,vsl24,1995,7,13,6.866666666666667,30.046044507909237,-43.27888557235516,915,1.95,0,0,0,3311.2
set435,vsl24,1992,7,10,4.766666666666667,27.346222999942164,-44.19359777884425,885,0.82,0,0,0,6438
set757,vsl19,1993,6,16,18.016666666666666,27.175145559542727,-41.30370453168913,802,0.12,0,0,0,390
set307,vsl24,1992,6,24,2.4,31.05026212003143,-44.53788371042499,667,0.93,0,0,0,800
set247,vsl24,1992,7,9,9.683333333333334,28.920273030190778,-38.52787590012264,874,0.9,0,0,0,800
set508,vsl24,1991,7,7,20.183333333333334,32.16805039887252,-47.178301633534915,678,0.82,0,0,0,730
set557,vsl35,1992,7,26,10.433333333333334,28.219589197229617,-39.11724876069949,840,0.03,0,0,0,400
set706,vsl3,1996,7,5,7.066666666666666,30.886121839716846,-41.89055331355283,770,1.2,0,0,0,102.5
set401,vsl35,1998,7,7,8.433333333333334,31.216268153156896,-39.15894734659339,720,0.6,0,0,0,100
set715,vsl19,1993,7,9,7.45,30.962161688134785,-42.19120918309018,580,0.78,0,0,0,313.6
set601,vsl23,1991,7,6,6.65,29.759159702378497,-37.385638368933975,769,0.9,0,0,0,180
set209,vsl3,1995,8,15,0.16666666666666666,20.45793207932407,-34.63707097470759,720,1.57,0,0,0,607.6
set391,vsl23,1998,7,3,6.466666666666667,29.174074561854987,-37.88851997880944,871,0.87,0,0,0,155.5
set399,vsl19,1996,9,26,7.516666666666667,24.623048633379472,-44.411014895762506,829,6.92,0,0,0,36
set800,vsl35,1994,6,27,6.066666666666666,27.801025767561633,-44.84326998058883,568,0.65,0,0,0,150
set593,vsl35,1990,6,27,1.5833333333333335,25.99902609595408,-37.842331151138616,568,0.83,0,0,0,150
set865,vsl24,1992,7,10,17.466666666666665,28.751836950206464,-45.398360875613506,886,0.87,0,0,0,4200
set948,vsl19,1991,9,23,7.65,24.876524674636578,-36.19239853098311,811,11.02,0,0,0,122.7
set227,vsl19,1990,3,28,19.316666666666666,22.289537440955556,-41.266355724762754,830,11.25,0,0,0,6
set905,vsl35,1992,7,27,15.633333333333333,26.828235128244287,-41.77877982098539,820,0.87,0,0,0,1404
set506,vsl35,1998,7,27,2.6,30.314961595222343,-44.31017015778119,820,0.9,0,0,0,415
set160,vsl19,1992,6,15,17.016666666666666,28.58336961034609,-42.23097830824853,800,0.12,0,0,0,1290
set366,vsl35,1992,7,3,11.666666666666666,26.309572528308717,-39.68008255740945,800,0.7,0,0,0,918.3
set400,vsl19,1990,9,9,6.75,26.601686454902456,-44.7096334821688,800,5.25,0,0,0,144
set995,vsl35,1995,9,8,3.5,28.165154588267196,-42.11041074064923,780,0.6,0,0,0,400
set211,vsl35,1999,7,7,6.466666666666667,27.173390628237502,-43.34948966178729,780,0.68,0,0,0,900
set164,vsl35,1997,6,13,7.666666666666667,26.212518856343593,-41.750576121700696,770,1.1,0,0,0,2000
set106,vsl35,1999,8,10,17.666666666666668,26.25625331055853,-43.18079148999229,760,0.67,0,0,0,295.3
set477,vsl35,1993,6,13,6.166666666666667,27.183771350797137,-41.64208706348975,750,1.17,0,0,0,300
set996,vsl35,1995,6,13,10,26.193371400920785,-39.96665911242883,750,1,0,0,0,909
set716,vsl19,1993,6,26,10.783333333333333,29.73721838913542,-41.36276455037795,750,0.95,0,0,0,135
set496,vsl19,1993,7,5,12.233333333333333,27.593568965332512,-43.843741718771085,750,0.63,0,0,0,1901.9
set462,vsl19,1998,7,5,9.666666666666666,26.457673250983987,-41.45702788571925,750,0.7,0,0,0,247.5
set358,vsl19,1997,7,4,12.266666666666667,26.291191701462196,-38.7922451467623,750,0.7,0,0,0,1262.8
set694,vsl19,1996,6,26,19.733333333333334,30.94398979919199,-44.11475398802997,750,0.83,0,0,0,1957.4
set967,vsl19,1999,6,23,16.05,30.212794766993188,-40.17719382937483,750,0.92,0,0,0,333.1
set479,vsl19,1990,6,26,12.833333333333334,30.581999622102025,-39.624550664689714,750,1,0,0,0,2286.4
set320,vsl35,1997,6,26,7.55,26.480522040188585,-43.162165675211085,700,0.95,0,0,0,360
set748,vsl35,1992,6,27,10.916666666666666,26.453532235006676,-44.03334263415886,700,0.95,0,0,0,791.1
set281,vsl35,1999,6,29,8.633333333333333,30.47482052245424,-41.8081664852486,700,0.93,0,0,0,360
set354,vsl19,1996,4,2,3.783333333333333,25.611165571714565,-37.45119901869416,650,8.73,0,0,0,45.9
set377,vsl19,1991,4,1,7.833333333333333,26.113427295794715,-42.56308207422679,650,7.45,0,0,0,90.8
set161,vsl42,1992,12,23,22.883333333333333,24.978529588673897,-43.86574516297281,580,6.37,0,0,0,13.8
set740,vsl35,1992,6,25,9.15,29.508857006083044,-43.12254281986911,580,0.85,0,0,0,300
set763,vsl19,1995,9,26,15.65,25.684395434839026,-44.076720178598976,802,3.9,0,0,0,105
set291,vsl24,1994,7,7,12.45,27.455032515779592,-40.75640380195532,640,0.78,0,0,0,3700
set618,vsl24,1990,7,6,2.7,29.765195295527462,-41.34752931330902,667,0.8,0,0,0,500
set955,vsl24,1990,7,1,14.75,30.259638915844253,-42.789482944187526,632,0.7,0,0,0,380
set912,vsl24,1994,7,9,0.9666666666666667,31.766938339378655,-46.99822513459836,632,1.37,0,0,0,2359.6
set615,vsl24,1991,6,26,17.166666666666668,29.599127067238484,-45.74671240448989,651,0.95,0,0,0,95
set155,vsl24,1992,6,20,11.583333333333334,32.34344289619422,-40.5199294775427,732,0.9,0,0,0,1994.5
set752,vsl35,1995,7,27,17.35,27.247431686416657,-39.21409171245267,830,0.7,0,0,0,2500
set195,vsl35,1999,7,26,21.683333333333334,27.919807699198984,-41.63138494306984,820,0.73,0,0,0,700
set969,vsl19,1992,6,28,14.666666666666666,30.79745210313754,-37.394105420218736,810,0.58,0,0,0,237.6
set289,vsl1,1990,7,21,12.75,27.581511293134863,-39.912747501538774,800,0.9,0,0,0,454.4
set231,vsl35,1997,7,26,22.75,26.08359677036531,-40.2516749671787,770,0.03,0,0,0,870
set262,vsl35,1999,7,8,17.566666666666666,26.08081778751101,-41.16475082444851,770,0.57,0,0,0,580
set594,vsl23,1997,6,29,15.283333333333333,27.321592406438764,-37.22008130166679,770,0.88,0,0,0,1565
set439,vsl35,1996,6,26,11.883333333333333,31.147630869123116,-42.403611264851754,750,0.85,0,0,0,590
set429,vsl35,1991,6,26,14.333333333333334,29.42870831211706,-41.34154290866054,750,0.88,0,0,0,1247.4
set460,vsl35,1990,6,24,20.366666666666667,27.500722461740207,-40.00554833482203,700,0.97,0,0,0,286.2
set140,vsl23,1994,7,4,20.4,27.69152184377961,-40.73318962270937,767,0.67,0,0,0,700
set216,vsl19,1997,10,10,16.633333333333333,23.135553382608094,-37.339441207482224,622,9.35,0,0,0,15
set986,vsl24,1994,6,24,17.4,31.340986880933713,-46.122795976411325,659,0.93,0,0,0,800
set422,vsl19,1991,6,12,9.1,29.604130266935123,-44.05077602889623,805,0.07,0,0,0,1688
set191,vsl19,1996,7,22,19.033333333333335,27.179566928622915,-39.17235151319216,570,0.72,0,0,0,297.6
set565,vsl1,1995,7,21,8.033333333333333,28.678679081778064,-42.52567064459435,800,0.87,0,0,0,1098
set101,vsl19,1992,7,27,22.666666666666668,28.026138079377446,-44.96005028776173,790,0.1,0,0,0,2832.4
set492,vsl35,1997,6,29,16.316666666666666,31.539868338780447,-39.51509869539721,700,0.85,0,0,0,3200
set212,vsl24,1993,6,26,15.133333333333333,28.81055956729875,-44.249961988675274,633,1.05,0,0,0,11.5
set682,vsl35,1997,7,26,7.25,29.477404762344065,-42.03443426902964,820,0.25,0,0,0,700
set135,vsl19,1992,6,20,1.4166666666666667,26.65052704109859,-37.3230170391619,820,0.75,0,0,0,349.3
set348,vsl19,1995,7,28,13.5,28.857896709430054,-38.17336645299897,800,0.17,0,0,0,2220
set851,vsl1,1993,7,29,0.8833333333333333,NA,-37.299723469294854,800,1.12,0,0,0,371.2
set275,vsl1,1999,7,28,15.366666666666667,NA,-41.04089201177052,800,1.37,0,0,0,83.2
set193,vsl19,1999,6,19,3.35,27.729246372017293,-39.12916181142768,790,0.62,0,0,0,1260.8
set658,vsl35,1998,7,26,17.7,30.687855074826743,-41.14319547087934,780,0.75,0,0,0,150
set783,vsl35,1995,7,26,16.4,26.714179814967757,-42.43794411168222,770,0.07,0,0,0,2500
set908,vsl35,1993,8,26,0.16666666666666666,31.031247425184116,-43.99449147057418,750,0.5,0,0,0,320
set190,vsl35,1998,8,25,22.416666666666668,27.65469776443381,-40.701418913103936,750,0.62,0,0,0,616.6
set591,vsl35,1998,7,8,10.55,27.973870078495388,-39.02561626726329,720,0.53,0,0,0,100
set497,vsl35,1993,7,10,2,30.39238301059346,-39.57616536630504,700,0.83,0,0,0,3500
set295,vsl2,1995,4,12,5.233333333333333,22.47739384787085,-43.350726756748,700,11.32,0,0,0,4.9
set504,vsl19,1994,6,6,15.05,28.1765195082736,-38.34203294105584,680,8.28,0,0,0,267
set799,vsl35,1990,7,1,17.1,28.662682116875196,-38.57713353402813,670,0.62,0,0,0,150
set623,vsl19,1997,3,16,3.6833333333333336,22.31532016234323,-38.00175802294638,650,7.22,0,0,0,29.5
set503,vsl19,1996,6,21,11.75,27.856155852648904,-38.60909454435166,650,0.58,0,0,0,1796.8
set982,vsl24,1994,7,9,22.833333333333332,32.703349319546014,-43.134426604665585,629,1.02,0,0,0,1050
set608,vsl19,1995,8,2,15.583333333333334,28.501781509095796,-42.159764985488,730,0.33,0,0,0,368.6
set524,vsl19,1992,7,10,17.15,28.959581546482532,-42.774704881656035,575,0.67,0,0,0,1337.6
set767,vsl31,1997,3,20,1.5,31.41709915845422,-41.718692070710105,813,5.25,0,0,0,10.6
set885,vsl13,1999,2,17,6,30.41065753587322,-38.38326225966833,840,4.15,0,0,0,114.5
set478,vsl13,1994,2,17,14.55,27.11402080088356,-42.942944160038415,840,3.95,0,0,0,180
set507,vsl19,1996,9,6,13.083333333333334,27.606283449321992,-37.29136414919028,800,4.63,0,0,0,105.8
set310,vsl19,1998,7,13,22.183333333333334,29.244104531120843,-40.93873245095279,790,0.6,0,0,0,742.9
set879,vsl35,1992,7,27,0.5166666666666667,30.266391613491074,-40.00847733636722,770,0.03,0,0,0,800
set962,vsl35,1996,6,26,16.966666666666665,30.308224224781643,-37.74275029467708,750,0.8,0,0,0,200
set414,vsl36,1991,6,29,7.416666666666667,31.50408720526744,-45.28186014249256,565,0.33,0,0,0,600
set712,vsl24,1997,6,30,8.733333333333333,29.21331728981762,-45.53810645756791,649,0.95,0,0,0,599.5
set553,vsl23,1994,7,20,12.083333333333334,30.40557041116783,-40.225126014987055,788,0.9,0,0,0,3000
set907,vsl19,1998,7,22,15.183333333333334,26.49374325230329,-40.92150286826276,580,0.62,0,0,0,617.6
set370,vsl19,1996,7,15,8.916666666666666,26.46053096338948,-40.93310955771131,800,0.03,0,0,0,168
set874,vsl19,1999,7,15,10.966666666666667,31.579189887457964,-39.04824872118156,800,0.03,0,0,0,384
set351,vsl35,1994,7,12,23.966666666666665,31.556881528950804,-39.0362871575277,800,0.65,0,0,0,500
set475,vsl19,1996,7,14,9.2,31.0853948731884,-37.63059237922356,800,0.8,0,0,0,1120
set684,vsl19,1995,7,16,5,29.19635001880011,-41.22256064132677,800,0.03,0,0,0,489.2
set261,vsl5,1997,6,17,16.583333333333332,29.792066676457363,-41.69453086660087,740,0.68,0,0,0,961.6
set222,vsl42,1993,9,13,0.25,20.377515159952846,-40.39145681414499,730,6.08,0,0,0,24.5
set329,vsl19,1995,6,27,2.5666666666666664,29.960638169101603,-41.60862069103631,620,0.13,0,0,0,400
set997,vsl19,1990,6,22,12.433333333333334,26.3582533486052,-44.93475138152245,580,0.65,0,0,0,45
set573,vsl19,1990,7,22,22.083333333333332,27.71817105823292,-43.07434586378746,570,0.63,0,0,0,2451.8999999999996
set476,vsl19,1994,8,4,17.5,30.67038151713531,-44.69268390387769,810,0.13,0,0,0,97.5
set778,vsl35,1996,7,7,19.266666666666666,27.46737688655027,-38.625054049044415,780,0.6,0,0,0,2409.4
set323,vsl35,1992,7,7,21.05,26.984135779535524,-43.13419204654108,770,0.5,0,0,0,1499.7
set268,vsl19,1992,6,25,13.75,27.681526312324,-39.69640564065059,750,10.58,0,0,0,29
set837,vsl24,1990,7,9,15.9,30.32460425750901,-46.36069674829204,634,1.02,0,0,0,610
set284,vsl23,1995,6,28,23.5,29.036348468014605,-44.1807658204685,770,3.08,0,0,0,289.7
set720,vsl35,1993,6,27,10.166666666666666,29.58675810859849,-42.42969839862619,573,0.45,0,0,0,1331.4
set689,vsl35,1992,7,14,10.483333333333333,31.009506227365573,-40.92919369335845,800,0.5,0,0,0,500
set538,vsl35,1995,7,14,5.033333333333333,26.810939568139712,-44.74295231180129,790,0.45,0,0,0,800
set407,vsl35,1999,7,26,16.25,30.84486225941072,-40.702727142554295,780,0.72,0,0,0,499
set765,vsl35,1990,7,8,12.633333333333333,27.785670928856103,-43.69608887014263,770,0.57,0,0,0,300
set844,vsl36,1997,7,6,12.833333333333334,27.23073393556745,-40.275598124923306,750,0.08,0,0,0,425.6
set613,vsl36,1992,7,7,14.333333333333334,29.40382517579968,-40.231621472271975,750,0.17,0,0,0,262.4
set872,vsl36,1991,7,7,18.333333333333332,26.49933063344541,-42.41533936335359,750,0.08,0,0,0,846
set922,vsl36,1992,7,8,7.833333333333333,28.68458349491623,-44.246270629340536,750,0.17,0,0,0,1224
set794,vsl19,1990,1,7,21.333333333333332,22.98956643999428,-44.2813764093075,750,6,0,0,0,4.2
set419,vsl42,1991,9,14,1.1166666666666667,18.450292438466487,-38.04181041142791,730,6.55,0,0,0,15.5
set537,vsl5,1991,6,17,18.7,29.10929461156531,-40.859694029653575,708,0.6,0,0,0,150
set816,vsl42,1999,3,16,20.316666666666666,NA,NA,700,12.83,0,0,0,12.8
set302,vsl9,1993,6,18,7.5,20.70154146237486,-38.92854939807027,700,5.25,0,0,0,690.8
set202,vsl35,1996,7,9,16.433333333333334,29.96492701122396,-43.29458249958272,700,0.03,0,0,0,100
set453,vsl35,1995,7,9,22.583333333333332,27.94775073093024,-41.24320986180398,700,0.67,0,0,0,2600
set669,vsl19,1997,12,19,20.25,25.108060598535236,-43.78358741327685,700,7.58,0,0,0,7
set734,vsl24,1994,7,3,22.05,27.759543017982427,-40.52157144176384,653,0.87,0,0,0,980
set890,vsl35,1997,6,3,11.766666666666667,27.258138246889853,-41.85621482968735,650,NA,0,0,0,250
set683,vsl19,1997,6,24,16.333333333333332,30.999232831631733,-43.698992630587895,600,0.82,0,0,0,273.6
set876,vsl15,1994,10,25,9.5,25.60473114245724,-43.43544909395904,684,5.9,0,0,0,104.1
set609,vsl35,1999,7,7,17.416666666666668,26.597196984554284,-38.09294734478721,780,0.48,0,0,0,3000
set862,vsl19,1998,6,29,8.15,28.39195829607527,-43.28566139776324,600,0.18,0,0,0,444
set410,vsl24,1996,7,3,13.583333333333334,30.24790769044147,-46.70590586187792,643,0.83,0,0,0,135.5
set812,vsl24,1999,7,3,16.683333333333334,28.436699304230917,-41.23641111769982,638,0.73,0,0,0,400
set634,vsl35,1997,7,5,15.2,29.057062811695825,-47.106162856470434,720,0.93,0,0,0,85
set981,vsl24,1996,7,5,22.633333333333333,29.126614543258317,-43.77361122095991,657,0.87,0,0,0,270
set657,vsl35,1990,7,13,14.233333333333333,30.549838548675,-40.93169741808166,770,0.52,0,0,0,1799.8
set826,vsl35,1995,7,10,10.233333333333333,26.42328954065645,-42.88812988319516,770,0.48,0,0,0,3000
set692,vsl35,1999,7,11,5.633333333333333,30.61266822334959,-37.654423767922864,770,0.52,0,0,0,400
set163,vsl35,1999,7,12,22.716666666666665,28.34207472776904,-43.160721876323784,770,0.65,0,0,0,700.8
set152,vsl35,1996,6,26,15.783333333333333,29.693525195156223,-40.922351744068784,650,0.72,0,0,0,1155.2
set424,vsl24,1999,6,30,22.966666666666665,27.41083128570648,-48.354564572311354,638,0.78,0,0,0,338.2
set645,vsl36,1995,6,30,1.7833333333333332,27.1313864571869,-44.069221699133514,600,0.17,0,0,0,84
set264,vsl35,1998,7,5,11.7,31.71016366950468,-46.80012769361447,720,0.83,0,0,0,1737
set968,vsl35,1995,6,14,7.25,27.65265201182786,-44.03232669651254,650,1,0,0,0,225
set207,vsl35,1991,6,16,8.5,29.838858379415452,-43.82563148368363,650,0.83,0,0,0,3500
set678,vsl35,1997,6,17,7.25,31.245880514841716,-45.29133364619512,650,0.83,0,0,0,100
set904,vsl35,1998,7,9,11.166666666666666,29.78859232498781,-40.5428470628771,600,0.03,0,0,0,1250
set674,vsl19,1997,10,25,7.5,24.7535051591521,-43.73624937194085,550,8.17,0,0,0,11.5
set929,vsl24,1998,7,8,19.25,32.479567234379424,-46.882025612236234,673,0.93,0,0,0,223.5
set901,vsl35,1993,7,5,8.166666666666666,27.840374906560204,-39.631165168115345,670,0.88,0,0,0,98.2
set444,vsl35,1990,3,8,6.2,25.885783534552168,-47.55304968108916,550,3.65,0,0,0,139
set602,vsl24,1992,6,27,18.8,31.68059746839144,-46.26469695049573,629,0.82,0,0,0,120
set836,vsl19,1996,6,21,15.166666666666666,29.83018519659669,-42.41844516811699,680,0.58,0,0,0,595.2
set567,vsl35,1996,7,6,12,32.196858884960506,-43.37342062301775,690,0.62,0,0,0,90
set774,vsl19,1993,1,2,18.366666666666667,24.264953193646665,-46.70268942272089,654,6.12,0,0,0,130.7
set897,vsl9,1996,6,17,8.5,21.73092881345747,-42.814657787018334,650,8.5,0,0,0,116.5
set542,vsl35,1998,7,16,14.283333333333333,26.344462188982295,-39.01558590310916,650,0.45,0,0,0,1500
set541,vsl35,1993,7,18,7.833333333333333,27.986900623993176,-42.851013486583795,650,0.52,0,0,0,800
set838,vsl35,1999,7,16,19.483333333333334,26.907626712743497,-41.7059203263828,650,0.52,0,0,0,800
set780,vsl35,1998,7,16,20.916666666666668,28.96755222688359,-41.937671876094115,650,0.52,0,0,0,1930
set341,vsl35,1997,7,17,6.983333333333333,28.78304325217116,-40.69177154172256,650,0.55,0,0,0,4352.2
set664,vsl9,1996,6,19,5,24.131665943900337,-38.36374094837568,600,4.33,0,0,0,315.8
set649,vsl36,1998,3,14,11.116666666666667,23.44651897817664,-42.11446179190529,600,4.48,0,0,0,199.2
set932,vsl19,1992,3,13,19.5,24.79874530190834,-42.51365474608959,600,8.92,0,0,0,214.5
set839,vsl19,1990,2,26,15.75,22.69528812407932,-46.126710110392274,530,5.67,0,5,0,1344.4
set167,vsl29,1996,7,6,15.7,26.138025024248012,-44.43608443444342,556,4.18,0,0,0,605
set605,vsl33,1999,8,19,7.116666666666666,23.133380158470075,-41.582219776259386,600,7.03,0,0,0,99.3
set742,vsl33,1995,8,20,14.033333333333333,26.226994798370075,-41.579630456516206,600,10,0,0,0,13.9
set992,vsl19,1993,6,9,7,30.597680438181587,-36.988451003352814,500,6.75,0,0,0,100
set367,vsl25,1994,7,19,6.916666666666667,22.411730933935367,-41.52219163953646,440,6.25,0,0,0,1940.6
set186,vsl33,1994,9,27,5.166666666666667,22.266725501863743,-34.908460740465905,552,7.38,0,0,0,165.2
set886,vsl41,1990,8,13,8,18.1709280483107,-35.115265764836224,493,6.38,0,0,0,276.1
set471,vsl3,1992,3,1,6.85,19.885479764377113,-38.968547002548114,446,6.12,0,0,0,373.2
set811,vsl3,1994,3,4,6.616666666666667,18.865852084317332,-40.50512814269287,446,6.27,0,0,0,155.4
set641,vsl3,1991,3,3,6.616666666666667,20.275271917644933,-36.869087740377296,446,6.23,0,0,0,231
set813,vsl19,1993,9,29,12.666666666666666,25.90735746096906,-40.09456302456993,570,6.42,2,1,0,48.2
set270,vsl33,1993,1,14,5.633333333333333,24.004235582067174,-41.17602082933031,555,6.9,0,2,0,870
set306,vsl19,1999,2,26,8.416666666666666,26.52190137865286,-40.31935071218615,550,6.17,0,0,0,191.9
set395,vsl22,1995,10,13,6.5,25.42687805589301,-37.39696823968668,495,7.5,0,0,0,105.6
set719,vsl19,1993,11,20,3.8333333333333335,22.723434314155465,-44.64729597949097,485,8.42,0,0,0,93.5
set446,vsl41,1992,3,18,8.5,19.65325241160008,-38.78587978840619,494,4.12,0,0,0,83
set589,vsl35,1996,7,9,20.583333333333332,31.425434261247705,-39.40074991979056,550,0.83,0,0,0,2300
set739,vsl32,1996,6,11,15,25.23851571742386,-40.101418305859234,530,6.97,0,0,0,321
set437,vsl32,1998,6,12,7.916666666666667,25.388887530988185,-41.995464697163065,530,6.43,0,0,0,86.5
set732,vsl19,1998,3,28,7.583333333333333,24.2548869467934,-46.49108323310893,520,3.92,0,0,0,330
set123,vsl33,1994,1,12,14.666666666666666,25.5357931579477,-39.983418182176514,500,8.25,0,0,0,316
set935,vsl35,1995,6,14,4.333333333333333,29.71245102784679,-42.743806017299455,500,0.83,0,0,0,300
set580,vsl33,1991,6,24,14.016666666666667,24.443265391717475,-39.60273605151083,500,9.3,0,0,1,133.5
set849,vsl19,1999,10,26,14.5,22.346413675595283,-46.322199193787945,500,9.67,0,0,0,640.7
set147,vsl19,1996,3,14,6.083333333333333,22.602118625140275,-45.0282690957355,500,7.8,0,0,0,261
set168,vsl39,1997,5,4,12.883333333333333,29.868765920409675,-45.52959648377277,500,4.42,0,0,0,106
set362,vsl19,1990,3,31,7.583333333333333,23.60866701730268,-40.627044806735015,500,8.6,0,0,0,3.1
set521,vsl32,1997,6,13,15.5,24.48777324698791,-40.95046279913839,470,4.58,0,0,0,791.6
set433,vsl19,1998,6,7,12.416666666666666,28.17299800920386,-37.79343187012221,400,4.92,0,0,0,313
set632,vsl19,1997,7,22,10.5,26.17691327315709,-45.332723317305515,400,6.92,0,0,0,170
set513,vsl32,1999,6,12,14.916666666666666,23.95435414369867,-37.54902541817957,300,5.77,0,0,0,640.5
set124,vsl41,1993,2,24,9.583333333333334,22.7374625001009,-41.418788563307416,548,5.08,0,0,0,112.5
set896,vsl19,1992,9,28,13.8,24.32289512856695,-40.95882699886521,524,8.58,0,0,0,6.2
set621,vsl19,1996,11,22,5.916666666666667,26.933485541809283,-38.14541432402324,478,7.83,0,0,0,45.2
set693,vsl22,1993,5,11,7.166666666666667,20.37376615531504,-39.52406916704262,500,6.38,0,0,0,80.6
set141,vsl42,1997,8,6,8.3,24.31889644787478,-38.249671268428095,500,4.47,0,0,1,760
set559,vsl42,1994,5,13,7.166666666666667,20.059027964703912,-36.04683119113342,490,5.42,0,0,2,148
set881,vsl34,1994,4,5,7.25,18.536419047047794,-37.18690258114155,480,6.72,0,0,0,188
set564,vsl42,1997,3,16,6.533333333333333,NA,NA,460,6.13,0,0,0,191
set708,vsl42,1993,3,15,7.666666666666667,NA,NA,450,5.83,0,3,0,242.5
set318,vsl42,1992,11,17,16.566666666666666,27.870972740490817,-35.946578303685875,450,4.1,0,0,0,3
set775,vsl19,1999,9,24,7.8,25.132888952381144,-42.90625379446936,450,4.78,0,0,0,165
set917,vsl19,1997,9,25,22,25.19458002915362,-40.62698842850328,450,9.5,0,0,0,16.2
set454,vsl27,1999,11,10,13.25,22.317430727557973,-44.96295649082176,510,7.75,0,2,0,22.5
set585,vsl19,1991,11,21,6.333333333333333,22.52152242667228,-40.38135233960515,487,7.92,0,0,0,194.7
set173,vsl19,1997,2,22,5.1,24.04952464236921,-41.89007078009361,513,6.48,0,0,0,318.6
set153,vsl19,1996,12,30,14.183333333333334,26.479709809422506,-43.80982501249411,501,NA,0,0,0,320
set403,vsl19,1991,12,31,4.733333333333333,26.04121386627093,-38.61595049437756,533,12.1,0,0,0,140
set468,vsl19,1997,2,24,6.116666666666666,23.94224172832156,-41.653915618414246,485,6.37,0,0,0,253.8
set382,vsl11,1992,12,7,9.666666666666666,32.07681110952497,-35.035395453704126,510,2.92,0,0,0,NA
set647,vsl42,1998,8,7,8.45,25.161602988891545,-46.3114429053701,500,0.93,0,0,0,483
set279,vsl33,1996,4,11,7.5,30.15234333191849,-41.499291679585944,500,3,1,0,0,40.4
set831,vsl41,1995,8,12,8.583333333333334,19.90876192285306,-36.05895607607345,494,5.92,0,0,2,28.2
set959,vsl16,1998,11,12,15.9,25.984641677578903,-36.37963266387455,460,1.6,0,0,0,427.5
set448,vsl35,1994,8,23,7,23.036502707407344,-34.84696172268331,450,3.5,0,0,0,173.20000000000002
set459,vsl35,1996,8,29,12.416666666666666,23.243349526458417,-35.11131950429257,450,4.13,0,0,0,433.2
set411,vsl35,1991,3,1,6.583333333333333,27.873766100434075,-44.50549059292997,450,3.48,0,0,0,471.8
set413,vsl19,1997,3,12,6.533333333333333,22.563221510973428,-42.23704299423165,450,5.5,0,0,0,213
set523,vsl19,1998,12,19,6.5,24.278927539615506,-45.86269705695912,450,6.25,0,0,0,230
set103,vsl19,1997,12,19,13.333333333333334,23.783143893693207,-43.30471535226585,420,5.58,0,0,0,134
set936,vsl31,1997,3,27,11,27.40154153539334,-45.73553789705038,475,2,0,0,0,116.8
set485,vsl31,1995,3,25,9.5,30.483377037284267,-42.46806451479981,439,2.5,0,0,0,141
set848,vsl31,1990,3,25,13.5,28.243623187708668,-41.87855723326941,439,2.4,0,0,0,80.60000000000001
set970,vsl41,1999,3,9,13.416666666666666,19.608849081598553,-38.34000958163354,400,5.5,0,0,0,94.9
set534,vsl3,1999,3,2,6,21.305675114934157,-35.295808639066145,464,7.38,0,0,0,259.3
set234,vsl32,1991,12,20,17.416666666666668,25.9289134753548,-44.5332722430981,490,5,0,0,0,4
set466,vsl7,1997,8,3,7.416666666666667,23.7794810222856,-45.08826114538747,460,1.48,0,0,1,1134.5
set102,vsl7,1997,7,29,13.333333333333334,22.457994726287485,-41.21614193064115,430,4.23,0,0,1,1160
set136,vsl41,1995,4,10,11.983333333333333,21.687380025157704,-40.59425344779261,400,5.62,0,0,0,102.7
set128,vsl22,1990,5,9,12.8,18.60600937510935,-36.796403816799874,380,6.68,0,0,0,146.5
set131,vsl7,1997,8,4,7.25,25.573027737402025,-39.57394391195547,465,3.33,0,0,1,7040
set342,vsl7,1996,8,5,7.116666666666666,25.49186784473807,-37.53981001271667,480,2.33,0,0,1,920
set218,vsl42,1990,12,25,6.033333333333333,22.14295142181238,-44.55162869217643,460,8.67,0,0,0,133.5
set203,vsl7,1997,8,1,10.5,24.32531085508153,-37.871666850954526,460,7.73,0,0,1,1145
set889,vsl7,1990,8,3,9.916666666666666,25.87983451872626,-37.64723587083921,440,4.08,0,0,1,670
set469,vsl2,1993,7,23,14.183333333333334,18.05842131697779,-39.39021752145004,274,6.07,0,1,1,227.1
set532,vsl42,1999,2,6,5.566666666666666,22.2570090460376,-40.56467915427089,528,6.83,0,0,0,354
set179,vsl35,1998,3,28,7.25,29.179007823085,-42.16255377386189,400,1.75,0,0,0,194.4
set852,vsl11,1992,4,21,6.166666666666667,29.18284686229915,-33.25988711645938,504,3.17,0,0,0,1.2
set112,vsl11,1996,5,7,6.816666666666666,28.13294063324109,-35.78053153571483,490,2.33,0,0,0,129.1
set531,vsl19,1991,11,18,5.666666666666667,22.510066461449803,-37.958365578410586,490,7.83,0,0,0,227.8
set703,vsl12,1991,10,28,10.666666666666666,29.87224115229013,-36.419219952922845,480,3,0,0,0,NA
set582,vsl19,1993,7,25,11.433333333333334,26.139184751883732,-42.18007661298713,470,4.68,0,0,1,1701.7
set114,vsl42,1993,12,23,6.166666666666667,22.293569883765286,-41.93640895573189,460,5.83,0,0,0,157.5
set447,vsl42,1996,12,23,13.733333333333333,23.810197848913255,-42.097760092316555,460,6.52,0,0,0,98.9
set662,vsl31,1991,2,9,9.25,29.965722869565933,-41.28804156500756,450,3.75,0,0,0,133.5
set438,vsl39,1991,10,15,6.333333333333333,30.25823532397401,-47.03281776999908,420,5.83,7,0,0,146
set535,vsl19,1991,3,18,7.216666666666667,24.791790581603433,-37.91469687598084,400,6.52,0,0,0,270.5
set536,vsl19,1999,12,21,6.75,24.829252801109007,-42.33859874200885,400,6.25,0,0,0,165
set175,vsl14,1998,12,17,6.033333333333333,26.632013185638723,-39.66878460878901,350,2.42,0,0,0,82.5
set913,vsl32,1995,9,23,8,23.214494725441703,-45.16767119198838,457,6,0,0,0,292
set979,vsl29,1990,8,8,6.45,23.98830995082856,-38.9838103117724,480,5.75,0,0,20,542
set596,vsl19,1991,7,26,9,22.64339907682085,-44.637746485792675,470,3.67,0,0,0,222
set610,vsl27,1994,11,10,6.5,23.27275779430637,-44.32807656114486,460,6.25,0,0,0,110
set785,vsl41,1994,11,27,6.5,24.803999875471927,-44.39633201982826,450,6,0,1,0,105
set679,vsl7,1992,7,28,6.966666666666667,23.995770985026848,-41.32686885788571,400,1.77,0,0,1,1025
set293,vsl7,1999,7,28,9.666666666666666,23.684462613022703,-38.93369450177843,400,1.92,0,0,0,209
set864,vsl19,1996,7,26,12.916666666666666,26.081672194463707,-43.31631155172458,400,5.58,0,0,1,108.5
set581,vsl16,1999,10,16,6.916666666666667,28.183792350049888,-35.06799065685463,503,3.85,0,0,0,110.7
set644,vsl4,1997,7,24,14,29.953726098517553,-36.2751715243794,465,0,10,1,0,163.2
set547,vsl13,1996,7,26,7.166666666666667,29.52418496450228,-37.57366739456355,450,3.83,0,0,0,310
set483,vsl36,1997,3,13,12.916666666666666,23.572021379298818,-37.047259411586445,450,6.77,0,0,0,103.5
set856,vsl7,1998,7,27,6.166666666666667,25.283960102932777,-44.340419785529775,430,2.62,0,0,0,390
set707,vsl25,1998,7,20,20.5,24.114562311524292,-45.81401914085284,430,0.58,0,0,0,4483.9
set277,vsl35,1991,3,1,10.583333333333334,25.705473052051683,-42.92371087813417,425,2.65,0,0,0,237.5
set381,vsl19,1997,1,6,11.5,27.244257536019227,-46.09722426117962,420,7.33,0,0,0,218.4
set697,vsl7,1995,7,26,14.25,25.397186861796538,-40.41528572899675,400,3.37,0,0,1,1160
set853,vsl19,1992,1,6,5.166666666666667,25.8147869410962,-42.42437898879963,400,5.75,0,0,0,240.8
set574,vsl35,1992,8,31,2.1666666666666665,21.768027222100137,-35.447474019574344,300,6.02,0,0,0,240.6
set356,vsl11,1996,3,2,6.5,32.99967459110538,-36.30080610853554,477,3.17,0,0,0,NA
set345,vsl30,1996,7,26,12.133333333333333,32.92368120250616,-33.31429782621041,457,3.42,10,0,0,NA
set543,vsl38,1996,6,5,6.166666666666667,31.034909912732296,-37.48505552779344,432,3.83,0,0,0,5
set237,vsl41,1996,8,27,6.866666666666667,21.966001621063626,-37.93812373805794,366,5.48,0,0,0,110
set487,vsl30,1994,7,15,6.3,31.678832472571912,-32.1832525230517,440,2.75,0,0,0,NA
set700,vsl7,1990,8,2,7.1,22.524797187961397,-44.25690778331831,420,3.23,0,0,1,720
set515,vsl10,1995,7,25,6.416666666666667,30.134630684377843,-35.27460792501094,470,4.02,0,0,0,NA
set502,vsl11,1997,5,9,10.45,34.18363241786295,-32.38808636276672,470,2.78,0,0,0,NA
set336,vsl7,1990,7,29,6.833333333333333,24.81901410687156,-37.32694444643101,450,2.07,0,0,0,1260
set451,vsl30,1997,6,18,7.166666666666667,32.425637701669764,-37.980207262065605,430,3.2,0,0,0,NA
set846,vsl16,1992,2,12,14.45,26.24988844854973,-43.28028419632327,430,3,0,0,0,211.2
set670,vsl19,1997,7,28,10.166666666666666,24.60413752454139,-44.33904050117109,420,5.25,0,0,0,297
set622,vsl19,1995,7,17,12,26.659423848814857,-40.59724925032804,420,2.58,0,0,0,116.2
set957,vsl12,1994,8,23,6.5,28.63684610630704,-35.345274952792195,448,3.72,0,0,0,NA
set688,vsl31,1996,3,27,8,28.81053272680006,-46.50896228311108,421,2.25,0,0,0,105.4
set100,vsl13,1997,7,25,6.166666666666667,NA,NA,418,4.92,0,0,0,115
set903,vsl31,1997,7,7,11.333333333333334,28.54796195325479,-39.78573907436485,450,4.1,0,0,0,NA
set159,vsl10,1999,7,25,11.883333333333333,31.29133899906172,-36.04144000125463,445,3.23,0,0,0,NA
set328,vsl32,1990,2,26,7.583333333333333,21.58812353039858,-38.76934432017932,360,4,0,0,0,78.89999999999999
set215,vsl41,1998,2,26,8.166666666666666,21.95265946056896,-38.23417974905505,400,5.42,0,0,0,83.4
set389,vsl26,1992,7,25,7.583333333333333,29.055832445374456,-37.983039382276125,450,2.72,0,0,0,3
set138,vsl12,1993,7,17,6.75,32.27094022801526,-37.32687470699304,437,3.32,0,0,0,NA
set346,vsl41,1992,6,10,23.333333333333332,23.567555922885788,-47.10421354260678,410,0.33,0,0,0,208.7
set859,vsl19,1999,7,24,6.033333333333333,22.905836586158923,-39.320148783162935,370,3.7,0,0,0,514.5
set353,vsl14,1996,5,11,6.833333333333333,29.28239257937943,-35.413753178913396,NA,3.58,0,0,0,NA
set592,vsl29,1994,7,31,9.75,23.140460802604835,-38.553929469278266,480,2.92,0,0,1,100
set818,vsl29,1992,7,29,23.1,24.569306884499145,-41.895414332439614,490,4.67,0,0,0,301.2
set458,vsl19,1993,7,28,7.666666666666667,23.41253127902941,-37.22042407373141,410,2,0,0,0,409.8
set554,vsl13,1994,11,18,6.916666666666667,27.0109436474918,-42.88284902679501,400,4.58,0,0,0,138.6
set953,vsl19,1997,7,23,11.583333333333334,26.359565151780295,-44.2340084027281,400,5.08,0,0,0,413.3
set631,vsl35,1997,11,26,11.666666666666666,25.412675127620904,-39.09905143430972,380,5,0,0,0,129.8
set750,vsl35,1990,8,29,21.5,21.53270393324468,-41.38749838883057,350,4.02,0,0,0,150
set828,vsl22,1995,10,24,17,23.654075536522058,-37.900260144010275,350,6,0,0,1,247.4
set952,vsl35,1995,8,28,2.5,19.642499616246877,-39.837411750725664,300,8.68,0,0,0,106.8
set390,vsl35,1999,8,29,1.1666666666666667,20.599455338050134,-42.32064315559855,300,3.67,0,0,0,200
set421,vsl34,1998,4,3,13.166666666666666,19.074166403136505,-34.97809985904982,250,5.02,0,0,0,257.6
set182,vsl34,1999,4,3,6.916666666666667,18.81622444505921,-40.111705608657445,200,5.38,0,0,0,510.8
set308,vsl6,1998,2,25,6.75,26.46526828841084,-44.89807734679221,409,3,0,0,0,150
set863,vsl13,1996,7,25,7.033333333333333,30.206803030995665,-42.20143254129589,420,4.13,0,0,0,197
set754,vsl17,1996,5,30,13.583333333333334,29.934019784686576,-40.10667719401326,400,2.42,0,0,0,8.2
set552,vsl3,1998,6,8,8.516666666666667,22.90482583970622,-40.31833430471118,329,7.23,0,0,0,79.8
set116,vsl22,1990,4,1,10.666666666666666,20.53079571470956,-38.31661457078813,225,5.77,0,0,0,121.6
set777,vsl6,1999,3,4,5.966666666666667,26.81656885034646,-44.64108283763657,380,1.68,0,0,0,342.9
set324,vsl26,1998,10,29,10.25,28.881865367445247,-34.373346924101874,430,2.75,0,0,0,NA
set850,vsl41,1991,2,27,6,22.74493544658462,-42.66954455885595,400,5.03,0,0,0,91.5
set235,vsl42,1996,5,8,7.333333333333333,20.743315188254364,-35.294385557095445,400,4.17,0,0,0,124
set518,vsl42,1995,5,8,12.166666666666666,22.564307326761853,-41.18938001063224,400,3.67,0,0,0,204.6
set481,vsl41,1991,10,27,12.75,20.613369847796616,-34.893681362264324,380,5.78,0,0,0,92
set762,vsl19,1996,2,28,8.5,25.889744304125653,-44.446286196062786,370,5.25,0,0,0,3.5
set710,vsl42,1999,5,9,13.033333333333333,18.58950330433869,-41.1555732503811,360,4.8,0,0,0,84
set895,vsl34,1998,5,28,6.75,20.380495622745464,-37.52089804933338,215,2.93,0,0,0,NA
set417,vsl29,1990,7,30,6.7,24.31951789034918,-40.081747536590456,533,4.72,0,0,1,1207.2
set257,vsl1,1996,6,17,9.033333333333333,22.844059985109578,-39.67915419348143,365,4.35,0,0,0,185.5
set374,vsl2,1991,7,29,11.666666666666666,17.403784230936775,-35.55684023836,360,3.97,1,0,0,145
set947,vsl6,1991,1,21,12.5,26.390140031024497,-44.84195420291099,350,4.17,0,0,1,85.8
set379,vsl35,1999,8,27,17.5,20.852541465072346,-41.934228835433366,300,4.5,0,0,0,171.6
set882,vsl12,1997,7,29,5.8,32.77450665520436,-31.389007320990984,250,4,1,0,0,NA
set450,vsl32,1998,2,24,20.166666666666668,21.3072332322961,-39.29204521975852,270,4.97,0,0,0,206.9
set954,vsl17,1992,9,17,11.116666666666667,29.483338522977487,-38.75736302417516,348,3.47,0,0,0,NA
set359,vsl17,1990,2,13,10.083333333333334,30.098813459558208,-35.114104122169536,340,3.85,0,0,0,5
set779,vsl29,1994,7,26,21.383333333333333,24.542494352919856,-45.149277376530115,371,1.72,0,0,0,599.5
set820,vsl29,1992,8,1,14.083333333333334,23.610765575627333,-39.87372955069458,527,2,0,0,0,3433
set111,vsl34,1998,5,27,13.933333333333334,19.16172821465384,-37.48960079984305,340,3.98,0,0,0,121.6
set526,vsl2,1992,7,28,20.183333333333334,19.39840684133893,-38.7046124926066,320,3.8,0,0,1,80.9
set118,vsl2,1991,7,28,10.416666666666666,17.837873604983024,-35.77344884121096,300,4.08,0,0,0,466
set265,vsl29,1996,8,12,18.333333333333332,22.184602346223823,-41.03924988088559,586,1.2,0,0,0,220
set827,vsl41,1994,10,12,10.583333333333334,20.818202123341827,-37.01400090725198,288,7.17,0,0,1,358
set239,vsl31,1992,2,8,3.9333333333333336,31.508768446669677,-34.53676580830684,263,4.33,0,0,0,NA
set529,vsl16,1996,7,27,16.2,28.100950316533797,-36.03324886020832,211,2.82,0,0,1,500
set484,vsl31,1997,2,9,5.033333333333333,28.520861260206175,-37.319925513412805,250,4.32,0,0,0,NA
set821,vsl30,1992,5,13,10.483333333333333,31.01852124130712,-36.02425189179527,266,4.3,0,0,0,2
set486,vsl29,1997,8,11,20.5,25.420667282859203,-39.678306120817695,552,0.95,0,0,0,504.5
set976,vsl40,1996,6,28,10.25,32.21703337278462,-40.57995077816271,200,2.97,0,0,0,NA
set758,vsl13,1992,7,13,6.8,27.436815589820025,-36.385436417806346,220,4.63,0,0,0,NA
set569,vsl22,1993,7,8,10.966666666666667,22.337368025753868,-38.79177556725999,190,5.02,0,0,1,148.9
set822,vsl31,1995,11,29,16.5,32.49222216018852,-39.71394822860443,180,4,0,0,0,90
set845,vsl38,1997,6,16,5.5,27.87551524644289,-32.05493276998826,165,2.07,0,0,0,15
set749,vsl30,1996,6,28,5.95,33.23475300015915,-35.79860382493436,150,1.32,0,0,1,NA
set174,vsl30,1999,3,13,4.033333333333333,30.931263100609808,-36.7988058579369,165,3.3,0,0,0,5.5
set365,vsl6,1990,2,23,11.166666666666666,29.21558494809861,-46.260824614094126,150,4.25,0,0,1,NA
set445,vsl30,1996,4,11,9.833333333333334,29.895801854410543,-39.138460201888805,150,2.17,0,0,0,NA
set915,vsl30,1992,10,20,10.166666666666666,33.11215768674078,-35.19869798488193,140,3.48,0,0,0,NA
set676,vsl6,1998,1,17,4.166666666666667,29.916218567571907,-42.52539578649749,140,4.42,0,0,1,3.8
set743,vsl13,1998,8,17,9.333333333333334,30.099285748767997,-33.036694306552214,120,4.22,0,0,0,NA
set361,vsl38,1997,4,23,4.25,28.495841692975723,-36.46585971165122,145,2.75,0,0,0,5
set665,vsl13,1994,7,27,6.5,30.253375798757176,-35.56318534489279,NA,4.75,0,0,0,204
set162,vsl38,1994,1,22,23.8,28.21146093401604,-34.25649215151717,140,2.7,0,0,0,NA
set516,vsl38,1992,4,22,4.25,30.44567347737679,-36.66530998686782,140,3.75,0,0,0,5
set126,vsl14,1998,5,12,17.9,30.119326525485562,-35.9218928960797,NA,3.73,0,0,0,NA
set841,vsl39,1998,4,23,23.85,27.968665064700595,-37.47089400155957,140,5.57,0,0,0,NA
set272,vsl4,1997,5,5,3.966666666666667,30.15784328647463,-32.875401865715354,120,3.33,0,0,0,NA
set339,vsl38,1994,2,17,1.25,29.284097499522996,-37.74326540502962,120,2.27,0,0,0,NA
set494,vsl38,1992,2,6,1.0833333333333333,27.263799752108753,-34.56777959439205,120,2.58,0,0,0,NA
set181,vsl35,1991,3,21,6.916666666666667,27.884986062358468,-41.48744819986168,120,4.17,0,0,0,1.2
set673,vsl42,1999,11,16,5.083333333333333,31.362699188580464,-38.03043621316905,116,4.55,0,0,0,119
set884,vsl6,1992,2,13,0.4166666666666667,31.137040068690112,-36.376845548531975,118,5.08,0,0,0,2
set902,vsl42,1994,11,16,12.083333333333334,28.27016261063795,-40.48249581269309,115,7.25,0,0,0,NA
set650,vsl44,1990,5,17,10.783333333333333,31.01735600442844,-38.34943958224236,115,1.63,0,0,0,NA
set269,vsl30,1994,6,18,12,30.01800686518494,-34.031752933760004,102,4,0,0,0,NA
set338,vsl13,1995,7,28,7.5,26.67987310350873,-37.120215268011464,NA,4.5,0,0,0,225
set834,vsl31,1992,9,29,5.25,30.04445961085964,-37.587912542079906,95,3.42,0,0,0,NA
set196,vsl30,1991,10,13,12.4,32.08249960076777,-33.74933039758202,90,3.62,0,0,0,NA
set232,vsl16,1990,3,5,20.916666666666668,30.04618602825994,-38.99408773936034,90,5.5,0,0,0,NA
set134,vsl13,1991,4,27,11.083333333333334,32.75681451217097,-34.76268687547989,85,4.33,0,0,0,19
set920,vsl16,1999,10,9,18.233333333333334,28.42764254683388,-40.03538247550782,80,4.03,0,0,0,NA
set248,vsl16,1999,2,10,20.666666666666668,28.019011643078844,-39.827507243027874,60,4.47,0,0,0,NA
