set_id,target_spc_1,target_spc_2,target_spc_3,target_spc_4,target_spc_5,target_spc_6,target_spc_7,target_spc_8,target_spc_9,target_spc_10,target_spc_11,target_spc_12,target_spc_13,target_spc_14,target_spc_15,target_spc_16,target_spc_17,target_spc_18,target_spc_19,target_spc_20
set100,0,0,0,115,0,0,4,0,0,0,0,3.1,0,0,0,30,1.7,0,0,0
set101,2582.4,0,9,250,0,0,7.3,0,3,0,1.2,0,0,0,0,0,0,0,2.4,0
set102,0,960,0,200,0,0,0,0,0,0,0,10,0,0,0,30,0,0,0,0
set103,0,105,0,29,0,0,3.5,0,0,0,0,0,0,0,0,32.5,2,0,7,3
set104,100,5.6,0,5.2,0,0,0,0,0,0,0,0,0,0,0,86.2,1.5,0,7.5,1.5
set105,0,1545,0,30,18,5,58.1,0,165,0,6,25,0,0,0,30,87.5,0,0,0
set106,154.5,0,3.2,140.8,0,0,32,3.2,0,0,0,0,0,0,25.2,0,0,0,3.2,3
set108,1530.6,0,0,0,0,0,0,0,0,0,0,0,0,0,0,0,0,0,0,15.7
set111,0,6.4,9.6,115.2,0,0,3.2,0,0,0,0,0,0,0,0,0,19.2,0,0,0
set112,0,123.5,0,5.6,0,0,7.5,4,100,0,0,2.3,0,0,6,3,9.6,2,0,0
set113,698.8,0,0,0,0,0,0,0,0,0,0,0,0,0,0,0,0,0,0,0
set114,0,157.5,0,0,0,0,10.3,0,0,0,1.6,0,0,0,0,32.5,2.5,0,10,0
set115,1054.4,115.4,5,124.5,0,0,6.5,0,0,0,0,2.5,0,18.2,0,89,0,0,4,2.2
set116,0,112,86.4,9.6,0,0,6.4,0,0,0,0,0,0,0,0,3.2,3.2,0,0,0
set117,931.2,0,0,0,0,0,0,0,0,0,4.7,0,0,0,0,0,0,0,0,0
set118,0,0,0,466,0,0,0,0,0,0,0,0,2.5,0,0,0,4,0,0,0
set123,0,300,0,16,0,12,103.5,0,0,0,0,0,0,0,0,14,2.4,0,1.2,0
set124,0,112.5,0,0,0,0,0,0,0,0,0,0,0,0,0,2.5,0,0,5,0
set125,86,100,0,10,0,0,0,0,0,0,0,0,0,0,0,8,0,0,0,6.8
set126,0,0,20,0,0,0,0,0,0,12,0,0,0,0,0,0,20,0,80,0
set128,0,142.5,6,4,1.5,0,9.6,0,0,0,0,0,0,0,0,14.6,14.4,0,0,0
set130,1200,0,0,130.2,0,0,0,0,0,0,0,0,0,0,3,0,40,0,0,0
set131,0,7000,0,40,0,0,0,0,0,0,0,5,0,0,0,5,0,0,0,0
set134,0,0,0,19,0,0,2.3,0,0,0,0,12,0,0,0,0,11.5,150.8,6,0
set135,349.3,0,0,0,0,0,0,0,0,0,0,0,0,0,0,0,0,0,0,0
set136,0,101.5,10,1.2,0,0,0,0,0,0,0,0,0,0,0,20,2,0,2,2
set138,0,0,0,0,0,0,100,0,0,0,0,244,0,0,0,1.5,32,0,0,0
set140,700,0,0,0,0,0,0,0,0,0,0,0,0,0,0,0,0,0,0,0
set141,0,675,0,85,0,5.7,1.5,0,0,0,0,0,0,0,0,19.2,1.9,0,0,1.2
set143,572.8,0,0,0,0,0,0,0,0,0,0,0,0,0,0,0,0,0,0,0
set145,200,2.2,0,0,90,0,153,0,0,0,0,0,0,3,0,4,4,0,0,9
set146,300,0,0,0,0,0,0,0,0,0,0,0,0,0,0,0,0,0,0,0
set147,0,86.8,0,174.2,2,0,9.7,0,1.6,0,7,0,0,8.1,2.5,208.7,0,4.7,23,5.5
set148,300,361.2,0,0,0,0,0,0,199.5,0,0,0,0,0,0,18.8,2.2,1.1,0,0
set150,160,2565,0,250,0,0,0,0,0,0,0,10,22.4,0,0,40,15,0,0,12.2
set152,255,850.2,0,50,50,0,0,0,0,0,0,10,0,0,5,2,0,0,0,0
set153,0,320,0,0,0,0,3,0,0,0,0,0,0,4,0,28,8.9,0,3.5,0
set154,4620,404.2,1.5,14.7,0,4,11.8,3.6,100.4,0,0,6.9,0,0,0,30.1,5.7,0,23,23
set155,1487.5,0,0,507,0,0,24.7,0,0,0,0,0,0,0,7.5,0,25,0,41.3,0
set158,208,1450,0,20,0,0,0,0,0,0,0,15,0,0,0,25,0,0,0,1.6
set159,0,0,2,0,160,0,60,0,0,0,0,0,0,0,0,0,0,0,0,0
set160,1041,249,0,0,0,0,0,0,0,0,0,0,0,1.4,0,4.5,0,0,8,13.4
set161,10,3.8,0,0,0,22.5,0,0,0,0,94.5,0,0,20,0,0,0,0,0,107.5
set162,0,0,15,0,0,0,0,0,0,0,0,100,1.5,0,0,0,7,0,0,0
set163,500,77.4,0,123.4,2.5,0,121,0,2,0,7,0,0,0,0,41.4,0,0,15,0
set164,2000,0,0,0,0,0,0,0,0,0,0,0,0,0,0,0,0,0,0,20
set165,200,0,0,0,0,0,0,0,0,0,0,0,0,0,0,0,0,0,0,0
set166,0,0,0,0,0,0,0,0,100,0,0,0,0,2,0,1.5,0,0,0,0
set167,0,600,0,5,0,0,0,0,0,0,0,0,0,0,0,0,0,0,0,0
set168,0,106,0,0,0,0,2.5,0,0,0,0,0,0,3.5,0,8,0,0,2.5,6
set171,3500,0,0,0,0,0,0,0,0,0,0,0,0,0,0,0,0,0,0,0
set173,0,317,4,1.6,0,23,5.5,0,0,0,0,0,0,0,0,8.5,31.4,94.6,3,0
set174,0,0,13.4,5.5,0,0,0,0,114,0,0,107,0,0,0,0,15,0,0,0
set175,0,82.5,0,0,0,1.5,0,0,0,0,0,0,0,0,0,20,0,0,0,0
set176,58,13.8,0,42.2,0,5,0,4.7,0,0,185,0,0,9,0,0,0,100,0,8.1
set177,170,0,0,0,0,0,0,0,0,0,0,0,0,0,0,0,0,0,0,2
set179,0,193.2,0,1.2,0,0,0,0,1.2,0,0,0,0,0,0,4.4,0,0,0,0
set180,300,3744.8,1.9,99.5,6.5,0,2.6,0,0,0,0,0,0,0,0,95.5,0,0,3.9,1.4
set181,0,0,82.5,1.2,0,0,1.5,0,0,0,8,0,0,0,0,0,3.1,0,0,0
set182,0,60.8,0,450,0,108,6.4,0,0,0,0,0,0,0,0,0,6.4,3.2,12.8,0
set184,170,0,0,0,0,0,0,0,0,0,0,0,0,0,0,0,0,0,0,1.5
set186,0,165.2,0,0,0,0,0,0,0,0,0,0,0,5.6,0,9,0,0,0,0
set190,600,12.6,0,4,0,0,0,0,7,0,0,0,0,86,0,86.4,0,2.2,25,36.5
set191,297.6,0,0,0,0,0,415.8,0,3.6,0,0,0,0,0,20,0,2.4,0,0,0
set192,548,0,0,0,0,0,0,0,0,0,0,0,0,0,0,0,0,0,0,5.5
set193,670,570.8,0,20,0,0,0,0,0,0,0,10,0,0,0,5,0,0,0,10.5
set194,303,0,0,0,0,0,0,0,0,0,0,0,0,1.1,0,0,0,0,0,10
set195,700,0,0,0,0,0,0,0,0,0,0,0,0,0,0,0,0,0,0,0
set196,0,0,0,0,1.5,0,0,0,0,0,0,2,3,0,0,0,11,90.2,0,0
set197,472.5,123,0,3,0,0,0,0,0,1.9,0,0,0,4,0,2,0,0,4.5,57
set200,748.8,0,0,0,0,0,0,0,0,0,0,0,0,0,0,0,0,0,0,0
set201,300,0,0,0,0,0,0,0,0,0,0,0,0,3.5,0,0,0,0,0,3
set202,100,0,0,0,0,0,0,0,0,0,0,0,0,0,0,0,0,0,0,0
set203,0,925,0,220,0,0,0,0,0,0,0,20,0,0,0,20,0,0,0,0
set204,345.6,0,0,0,0,0,0,0,0,0,0,0,0,0,0,0,0,0,0,0
set207,3500,0,0,0,0,0,0,0,0,0,0,0,0,0,0,0,0,0,0,0
set209,603.6,1.5,0,2.5,0,0,0,0,0,0,5.6,0,0,3,0,0,0,0,0,0
set211,900,0,0,0,0,0,0,0,0,0,0,0,0,0,0,0,0,0,0,0
set212,10,0,0,1.5,1.3,0,12,0,0,0,0,0,0,0,12,0,140,0,0,100
set213,1900,236.2,2.5,104.7,0,51.4,2.5,0,0,0,0,0,0,0,0,6.8,3.3,0,22.7,0
set215,0,81.2,0,2.2,0,0,7,0,0,0,0,0,0,0,0,7.7,0,0,0,0
set216,15,0,0,0,0,0,0,0,0,0,132,0,0,0,0,0,0,0,0,2.2
set218,0,127.5,2,6,0,0,5.2,0,0,0,1.2,0,0,0,0,10,6.7,0,11,1.5
set219,90,9.4,0,4.4,0,1.2,0,0,0,0,0,1.8,0,0,0,144.9,0,0,7.5,0
set222,7.5,17,0,0,0,0,0,0,0,0,0,0,0,30,0,0,0,100,0,0
set223,517,0,0,0,0,0,0,0,0,0,0,0,0,0,0,0,0,0,0,0
set227,0,6,0,0,0,0,0,0,0,0,202.5,0,0,25.1,0,0,0,0,0,5
set229,3300,11.2,0,0,0,0,0,0,1.5,0,0,0,0,0,0,111,0,0,2,0
set231,800,70,0,0,0,2.5,0,0,0,0,0,0,0,0,0,110.4,0,0,11,0
set232,0,0,0,0,1.7,0,1.8,0,0,0,0,0,0,0,0,0,108,0,0,0
set234,0,4,0,0,0,0,0,0,0,0,0,0,0,0,0,90.2,0,0,0,0
set235,0,124,0,0,0,0,15,0,0,0,0,0,0,0,35,8,48,0,0,0
set237,0,105,0,5,0,0,0,0,0,0,0,0,0,0,2.5,38.5,0,0,2,0
set239,0,0,3,0,0,0,1.5,18,0,0,0,0,0,0,100,0,0,1.4,3,3
set240,174,1030.2,25.3,60,50,0,4.5,0,0,0,0,40,0,4.5,0,4,5.6,0,33.5,3
set242,3510,450,0,50,70,0,0,0,0,0,0,15,0,0,0,2,20,0,0,0
set247,800,0,0,0,0,0,0,0,0,0,0,0,0,0,0,0,0,0,0,0
set248,0,0,0,0,0,0,19,0,3,0,0,0,0,0,15,0,126,4,0,0
set250,1200,0,0,0,0,0,0,0,0,0,0,0,0,0,0,0,0,0,0,5
set251,992,0,0,0,0,0,2,0,0,0,0,0,0,4,0,0,0,0,0,4.2
set255,80,1.2,0,0,0,0,0,0,0,0,0,5,0,0,0,0,0,0,0,10
set257,0,185.5,4,0,0,0,0,0,0,0,0,0,0,0,0,17.6,1.5,0,0,0
set258,2706,0,0,0,0,160.5,1.5,0,0,0,0,0,0,3,3,0,0,0,2.2,3
set259,1456,3.2,0,130,0,0,4.5,0,0,0,2,1.5,0,22.4,20,1.5,3.2,0,0,2
set260,100,120,0,0,0,0,2,0,0,0,0,0,0,0,0,10,0,0,6,6.5
set261,500,451.6,0,10,0,0,2.5,0,0,0,0,0,0,0,0,8,1.2,0,6.6,0
set262,580,0,0,0,0,0,0,0,0,0,0,0,0,0,0,0,0,0,0,0
set264,97,1600,0,40,0,0,0,0,0,0,0,5,0,0,2,20,2,0,2,7
set265,0,200,0,20,0,0,0,0,0,0,0,0,0,0,0,4,0,0,0,0
set266,592,123.3,0,0,0,0,0,1.2,0,0,0,0,0,44.4,0,5,2.5,0,2,9.3
set268,21,5,0,3,0,0,160,0,0,0,160.5,0,2.5,67,0,21.6,2.5,0,0,40
set269,0,0,0,0,1.5,1.5,0,0,0,0,0,1.5,0,0,0,0,5,100,0,0
set270,0,850,0,20,0,0,0,0,0,0,0,0,0,2,0,62,0,0,15,2.4
set272,0,0,0,0,0,2,0,0,0,0,0,189,0,0,0,0,10,0,10,0
set274,600,0,0,0,0,0,0,0,0,0,0,0,0,0,0,0,0,0,0,0
set275,83.2,0,0,0,0,0,0,0,0,0,0,0,0,0,0,0,0,0,0,0
set276,1335,0,0,0,0,0,0,0,0,0,2,135,0,12.9,2,1.5,20,0,3.5,17
set277,0,235.3,0,2.2,1.5,0,0,0,0,0,0,0,0,0,0,13.2,0,0,3,2
set278,1700,0,0,0,0,0,0,0,0,0,0,0,0,0,0,0,0,0,0,50
set279,0,36.4,0,4,177,0,0,0,0,110,0,8,2,0,0,24.2,2,0,3.2,0
set281,200,160,0,0,3,0,2,0,0,0,0,0,0,0,0,12,0,0,0,0
set282,456,187.2,2,0,0,0,2.5,0,0,0,0,0,0,0,0,3.5,0,0,3.5,1.5
set283,480,0,0,0,0,0,0,0,0,0,0,0,0,0,0,0,0,0,0,0
set284,270.3,19.4,1.7,0,0,0,0,0,0,0,0,0,0,0,0,133.9,2.9,0,3.9,1.7
set288,475.5,480,0,20,0,0,0,0,0,0,0,12,0,0,0,0,0,0,1.5,80
set289,454.4,0,0,0,0,0,0,0,0,0,0,0,0,0,0,0,0,0,0,0
set291,3500,200,0,0,0,0,0,0,0,0,0,0,0,0,0,30,1.5,0,7,0
set293,0,199,7.5,10,0,0,2.1,0,0,0,0,0,0,0,0,7.3,2.8,0,0,0
set294,800,0,0,0,0,0,0,0,0,0,0,0,0,0,0,0,0,0,0,0
set295,0,4.9,0,0,0,4,0,0,0,0,0,0,0,36,0,5,0,19.2,0,96
set296,115.2,0,0,0,0,0,0,0,7.5,0,0,0,0,0,0,0,0,0,0,7.5
set300,120.3,9.9,0,0,0,0,0,0,0,0,66.8,0,0,68.4,0,8.9,0,0,23.6,127.8
set302,0,589,0,101.8,0,0,3.5,0,0,0,6.5,0,0,2.2,0,5.7,0,0,0,1.5
set303,7000,0,0,0,0,0,0,0,0,0,0,0,0,0,0,0,0,0,0,0
set306,0,191.9,0,0,0,0,0,0,0,0,0,0,0,3.1,0,10.8,2.1,0,18.4,2.5
set307,800,0,0,0,0,0,0,0,0,0,0,0,0,0,0,0,0,0,0,0
set308,0,150,0,0,0,0,11,0,0,0,0,0,0,0,4.5,25,1.2,0,10.7,0
set309,4200,31.6,0,3.8,0,3.4,0,0,0,0,0,2,0,34,0,85,1.3,1.7,7.5,156.4
set310,546,191.4,0,5.5,0,0,0,0,0,0,0,0,0,0,0,17.6,0,0,3.5,2.3
set312,150,0,0,0,0,0,0,0,0,0,0,0,0,0,0,0,0,0,0,0
set313,4000,0,0,0,0,0,0,0,0,0,0,0,0,0,0,0,0,0,0,0
set316,80,200.3,16.2,0,0,0,0,0,0,0,0,0,0,0,0,29,9.2,0,2.5,0
set317,147.2,1391.6,5,100.5,0,0,39.1,1.3,1,0,3,1.5,0,0,0,17,0,1.5,0,0
set318,0,3,0,0,0,0,79.5,0,0,0,0,0,0,0,0,2.2,0,0,0,1.5
set319,0,434.7,0,86.4,0,0,0,0,0,0,0,0,0,0,0,35.2,0,0,3,0
set320,150,0,0,210,0,40,2,0,0,0,4.5,0,0,0,9.6,0,0,6,12.8,0
set321,135,100.5,0,3,0,0,1.2,0,1.1,0,32.4,3.3,0,2,0,0,0,1.5,0,3.1
set322,576,0,0,0,0,0,0,0,1.2,0,0,0,3.5,0,0,0,0,0,0,19
set323,1499.7,0,0,0,0,0,0,0,0,0,0,0,0,0,0,0,0,0,0,0
set324,0,0,0,0,0,0,0,0,88,0,0,0,0,0,0,1.5,0,0,0,0
set326,2830,0,0,92,0,0,0,0,0,0,1.5,0,0,0,0,51.5,0,0,2.5,0
set328,0,76.8,0,2.1,0,0,9,0,0,0,0,0,0,0,208,4.3,0,0,0,0
set329,400,0,0,0,0,0,0,0,0,0,0,0,0,0,0,0,0,0,0,0
set330,200,0,0,0,0,0,0,0,0,0,0,0,0,0,0,0,0,0,0,3.2
set331,250.8,0,0,0,0,0,17.5,0,0,0,0,0,0,3.2,15,0,80,3,0,0
set334,25.5,2.5,0,0,0,2,0,0,1.5,0,0,0,0,16.5,0,0,0,80,0,22.5
set336,0,1200,0,60,0,0,0,0,0,0,0,140,3.5,0,6,21.5,26,0,1.5,0
set338,0,200,0,25,0,0,3.5,0,0,0,13,0,3,0,2,14,3,0,2.5,0
set339,0,0,0,0,3,0,0,0,0,0,0,120,0,0,0,0,6,0,0,0
set341,4000,272,0,80.2,0,0,11.4,0,0,0,2.7,0,0,0,144,53.6,0,0,19.1,0
set342,0,900,0,20,0,0,0,0,0,0,0,10,0,0,0,10,0,0,0,0
set345,0,0,0,0,0,0,32.5,0,0,0,0,0,0,0,0,10,172.9,0,0,20
set346,109.5,0,0,99.2,0,614.4,14,0,0,0,0,0,0,0,0,1.1,8,0,1.5,9.7
set348,1240,950,0,30,0,0,0,0,2,0,0,0,5,0,0,20,0,0,0,25
set350,2000,0,0,0,0,0,0,0,0,0,0,0,0,0,0,0,0,0,0,0
set351,500,0,0,0,0,0,0,0,0,0,0,0,0,0,0,0,0,0,0,0
set352,50,1.5,0,0,0,2.5,0,0,0,0,90,0,0,6,0,0,0,0,20,6
set353,0,0,15,0,0,0,15,0,0,0,0,0,0,0,0,93,0,0,0,0
set354,0,36.5,0,9.4,0,0,0,0,0,0,292.5,0,0,10.3,0,12,0,0,39,30.4
set356,0,0,0,0,0,0,1.5,0,100,0,0,0,0,0,0,6.5,0,0,0,2
set357,1300,0,0,0,0,0,0,0,0,0,0,0,0,0,0,0,0,0,0,20
set358,1257.3,0,5,5.5,0,0,0,0,0,0,0,0,0,1.5,0,100,23.3,80.4,0,1.5
set359,0,0,0,5,0,0,2.5,0,88,0,0,0,0,0,0,9.2,0,0,0,5
set361,0,0,20,5,0,0,2.4,0,0,2,0,100,3,0,0,0,8,0,1.6,0
set362,0,1.6,0,1.5,0,0,90.4,0,0,0,12,0,2.5,12.1,0,38.4,3,0,20,131.6
set363,4000,0,0,350,0,57.6,3.2,0,0,0,0,0,0,0,0,0,12.8,6.4,11.2,0
set364,141.4,0,0,0,0,0,0,0,0,0,0,0,0,0,0,0,0,0,0,0
set365,0,0,0,0,0,0,0,0,0,0,0,10,0,0,0,0,6,0,108.5,0
set366,700,133.5,0,84.8,0,126.7,0,0,0,3,0,0,0,0,15.5,34.5,12,0,19.5,0
set367,0,1939.1,0,1.5,36,0,0,1.5,0,0,0,0,0,1.3,0,82.8,0,0,0,1.1
set368,200,0,2,0,0,3,102,0,0,0,0,160.5,0,0,0,6,3,0,0,0
set370,153,0,3,15,0,0,2.5,0,0,0,0,4,0,0,0,0,7.2,106.8,12,0
set371,400,0,0,0,0,0,0,0,0,0,0,0,0,0,0,0,0,0,0,10
set374,0,0,0,145,0,0,8.7,0,0,0,0,0,2,0,0,0,3,0,0,0
set375,200,0,90,201.5,0,0,2.4,0,0,0,0,39,0,0,0,10,32,0,0,0
set377,0,90.8,2,0,0,2.6,0,0,0,0,0,0,0,2,0,25.4,128.5,0,24.5,0
set378,697.4,0,0,0,0,0,0,0,0,0,0,0,0,0,0,0,0,0,0,0
set379,0,0,10,171.6,0,52.8,0,0,0,0,0,0,0,0,0,0,0,0,0,0
set381,0,218.4,1.5,0,0,0,15.2,0,0,0,1.5,0,0,17.6,0,33,1.5,0,18,11
set382,0,0,3.5,0,0,0,0,0,90,0,0,0,0,0,0,9,0,0,0,28
set387,1100,0,0,0,0,0,0,0,0,0,0,0,0,2,0,0,0,0,0,6
set389,0,0,4.5,3,12,0,13.5,0,135,0,0,0,0,0,0,0,1.2,0,0,0
set390,0,0,0,200,0,170,0,0,0,0,0,0,0,0,0,0,0,0,0,0
set391,155.5,0,0,0,0,0,0,0,0,0,0,0,0,0,0,0,0,0,0,0
set392,3100,800,0,40,0,0,0,0,0,0,0,0,0,3.2,0,0,0,0,0,0
set395,0,25.6,0,80,0,0,6.4,3.2,0,0,3.2,0,0,0,0,38.4,0,0,0,0
set397,6581.9,0,0,0,80,0,70,0,0,0,2.3,0,0,0,0,0,45,0,0,0
set399,33,3,0,0,0,0,223,0,1.5,0,155,0,0,0,14.6,0,0,0,0,7.5
set400,139,5,0,0,0,0,0,2,0,0,0,0,0,20.3,0,0,0,18.8,0,3.2
set401,100,0,0,0,0,0,0,0,0,0,0,0,0,0,0,0,0,0,0,0
set402,4485,0,0,0,0,0,0,0,0,0,0,0,5,0,0,0,0,0,0,15
set403,0,140,0,0,0,1.2,8,0,0,0,0,0,0,1.2,0,3,1.5,0,0,0
set404,214.4,0,0,0,0,0,0,0,0,0,0,0,0,0,0,0,0,0,0,6.4
set406,85.3,107.3,1.2,200.9,0,2.2,0,2.7,0,0,96.2,0,0,6.8,0,3.3,0,1.9,1.3,38.6
set407,499,0,0,0,0,0,0,0,0,0,0,0,0,0,0,0,0,0,0,0
set409,374.4,297,1.5,4,87,0,99,0,0,0,0,0,0,0,36,12,8,0,0,15.6
set410,135.5,0,0,0,0,7,33.6,0,0,0,42,2,0,18,0,1.7,84,0,0,88.5
set411,0,471.8,0,0,1.5,0,2.5,0,0,0,0,0,0,0,0,32.1,6.4,0,4.5,0
set413,0,198,0,15,0,0,0,0,0,0,6,0,0,0,0,6,0,0,30,0
set414,600,0,0,0,0,0,0,0,0,0,0,0,0,0,0,0,0,0,0,0
set416,1000,0,0,0,0,0,0,0,0,0,0,0,0,0,0,0,0,0,0,0
set417,0,1200.2,0,7,0,0,3,0,2.5,0,0,16.8,0,6.9,0,2,3.3,0,2.3,0
set419,0,14,0,1.5,0,0,0,0,0,0,0,0,0,17,0,0,0,95,0,2.5
set421,0,57.6,0,200,0,0,31.1,0,0,0,0,0,0,0,36,6.9,84,6.9,3.6,0
set422,1688,0,0,0,0,0,0,0,0,0,0,0,0,0,0,0,0,0,0,22.5
set424,125,210,0,3.2,0,0,3.2,0,0,0,0,0,0,0,2.5,0,0,0,0,0
set427,250,0,0,0,0,0,0,0,0,0,0,0,0,0,0,0,0,0,0,1.5
set428,286,0,0,0,0,0,0,0,0,0,0,0,0,3.2,0,0,0,0,0,0
set429,1040.8,201.6,10,5,0,4,2.6,0,0,0,0,0,0,6.2,0,14.1,7,0,32.5,12.7
set432,3650,21.5,3,257.2,0,200,0,0,0,0,2.8,0,0,16.3,0,1.5,1.1,0,14,136.8
set433,0,313,0,0,0,2,3,0,0,0,0,0,0,0,0,10,3,0,33,6
set435,6000,438,0,0,0,0,0,0,0,0,0,0,0,0,0,0,0,0,0,0
set436,100,0,1.5,0,180,0,80,0,0,0,0,0,0,0,0,0,100,0,0,0
set437,0,3.2,0,83.3,1.5,0,0,0,1.5,0,0,0,0,0,0,9,0,0,2,0
set438,0,142.8,0,3.2,0,0,2.5,0,0,0,0,0,0,0,0,0,0,0,0,0
set439,590,0,0,0,21.3,22.1,4.3,0,3,0,0,0,0,0,5,0,0,132,8,7
set441,88,0,0,0,0,0,0,0,0,0,0,0,0,0,0,0,0,0,0,0
set442,150,2,0,97,0,0,2.8,0,0,0,0,0,0,0,22.5,0,0,0,0,0
set444,0,113.4,2.5,25.6,320,0,6,0,0,0,0,0,0,0,0,0,76.8,0,3.5,0
set445,0,0,1.5,0,0,0,0,0,0,80,2,8,8,0,0,0,7.3,0,3,0
set446,0,83,2.8,0,0,0,0,0,0,0,0,0,0,0,0,0,1.4,0,3.9,0
set447,0,93.8,0,5.1,0,0,4.6,0,0,0,2.7,0,0,0,0,30,4.1,0,10,1.5
set448,0,163.3,10,9.9,0,3.3,0,2,0,0,0,0,0,0,0,10.8,2.7,0,0,0
set449,100,0,3.2,19.2,0,310.4,3.2,0,0,0,0,0,0,0,0,0,19.2,0,0,0
set450,0,4.3,0,202.6,0,0,4.2,0,0,0,0,1.5,0,0,99.6,9.4,3.5,0,7.5,0
set451,0,0,0,0,0,0,200,0,0,0,2.5,0,0,0,28,6,0,0,0,0
set453,2600,0,0,0,0,0,0,0,0,0,0,0,0,0,0,0,0,0,0,0
set454,0,20,0,2.5,0,0,1.5,0,0,0,0,0,0,0,0,115,0,0,1.5,0
set455,510,0,0,6.5,0,0,0,0,0,0,0,5,8.8,0,0,2,91,0,13.1,20
set456,2000,0,0,0,105,0,4.5,0,0,0,0,1.4,0,0,0,7,82.5,0,0,2.5
set458,0,394.5,0,15.3,0,0,0,0,0,0,0,0,0,0,0,0,0,0,0,0
set459,0,282,5,151.2,0,0,4.2,0,0,0,0,0,0,0,25.6,14.7,3.1,0,0,1.6
set460,80,206.2,2,0,0,0,12,0,0,0,0,0,0,78,0,39,9,0,0,0
set462,247.5,0,0,0,2,0,0,0,0,0,0,0,0,0,0,0,84,0,4,4
set463,4300,100,0,0,0,0,0,0,0,0,0,0,0,20,0,0,0,0,0,0
set464,1126.6,160,0,3,102,0,3,0,20.5,0,0,0,0,2.2,0,2,0,0,1.5,15.2
set465,2500,2170,0,40,0,0,0,0,0,0,0,10,0,0,0,10,0,0,0,0
set466,0,1082.5,0,52,0,0,0,0,0,0,0,10,0,0,1.5,34.8,0,0,8,2.5
set468,0,250.7,0,3.1,0,0,0,0,0,0,0,0,0,0,0,14.7,6.4,0,6,0
set469,9.5,215.5,0,2.1,0,0,4.5,11,0,0,0,7.6,0,0,22.5,12.2,48.8,0,18.8,0
set471,0,277.2,4,96,0,0,0,0,0,0,2,0,0,3.2,1.5,16.2,1.2,2.5,30.8,2
set473,148.9,0,0,0,0,0,0,0,0,0,0,0,0,0,0,0,0,0,0,0
set474,0,1970,0,30,0,0,0,0,0,0,0,0,0,0,0,10,0,0,0,0
set475,1120,0,0,0,0,0,0,0,0,0,0,0,0,0,0,0,0,0,0,5.1
set476,96,1.5,0,0,0,0,0,0,0,0,0,0,0,0,0,0,0,0,0,0
set477,300,0,0,0,0,0,0,0,0,0,0,0,0,2,0,0,0,0,0,0
set478,0,180,0,0,3,0,0,0,0,0,0,0,0,6.3,0,6,0,0,3,20
set479,2126,160.4,0,0,0,0,0,0,0,0,0,2.5,0,1.8,0,12.2,5.6,0,10.1,0
set480,206.4,101.6,15,35.8,0,5,0,1.5,3.2,0,0,4.7,0,66.1,0,4.9,1.2,0,1.9,13.2
set481,0,80,6,12,0,4,0,0,0,0,2,0,0,0,0,3,2,0,0,0
set483,0,101.9,0,1.6,0,0,8.4,0,0,0,0,0,0,0,0,10.6,0,0,9,0
set484,0,0,5,0,0,0,0,0,0,0,0,0,0,0,150,0,0,0,5.1,1.6
set485,0,136.5,0,4.5,51.2,0,8.8,0,0,0,0,0,0,0,2,6,1.3,0,2.7,0
set486,0,500,0,4.5,0,0,0,0,0,0,0,0,0,0,0,0,0,0,0,0
set487,0,0,0,0,150,0,10.5,0,0,0,0,0,0,0,8,0,0,0,0,0
set489,675,230.4,0,0,0,2,0,0,0,3.2,0,0,0,0,0,7,0,0,15.6,0
set492,3200,0,0,0,0,0,0,0,0,0,0,0,0,0,0,0,0,0,0,0
set494,0,0,0,0,0,0,0,0,0,39,0,80,2,0,0,0,0,0,13,0
set495,129.8,139.4,1.5,15.6,0,0,10.6,0,0,0,0,7,0,56.8,12.5,97.7,26.9,57.5,2.1,1.3
set496,1793.9,87,0,21,36,0,8,0,0,1.2,0,0,0,0,0,51,2.9,0,7.8,0
set497,3500,0,0,0,0,0,0,0,0,0,0,0,0,0,0,0,0,0,0,0
set500,200,0,0,0,0,0,0,0,0,0,0,0,0,0,0,0,0,0,0,0
set501,200,0,0,0,0,0,0,0,0,0,0,0,0,0,0,0,0,0,0,0
set502,0,0,0,0,0,0,0,0,150,0,0,0,0,0,0,0,0,3,0,0
set503,1784,12.8,0,0,0,0,0,0,2.5,0,0,0,0,0,0,4.2,0,0,0,57.5
set504,267,0,0,0,0,0,0,0,0,0,110,0,0,35,0,7,0,0,0,7.5
set506,200,195,0,20,0,0,0,0,0,0,0,3,0,0,0,4.5,3,0,15,0
set507,103.5,2.3,0,0,0,0,0,0,0,0,0,0,0,48.5,0,0,0,37.5,0,3.2
set508,730,0,0,0,0,0,0,0,0,0,0,0,0,0,0,0,0,0,0,120
set509,769.5,1120,0,50,0,0,0,0,0,0,0,10,0,0,0,20,0,0,0,0
set512,185,0,0,0,0,0,0,0,0,0,0,0,0,2.6,0,0,0,0,0,2
set513,0,0,0,640.5,0,0,0,0,0,0,0,0,0,0,0,7,0,0,0,0
set515,0,0,2.5,0,0,0,234.2,0,0,0,7,0,0,0,0,37.5,100,0,0,0
set516,0,0,10,5,0,0,5.6,0,0,0,0,100,6,0,0,0,4.5,0,6.5,0
set517,131.8,1900,0,3.3,0,0,3.6,0,0,0,0,12.5,0,4,0,0,0,0,0,1
set518,0,200,0,4.6,0,0,102,0,0,0,0,0,0,2,14,17.5,36,0,0,0
set521,0,1.2,0,790.4,0,0,0,0,0,0,4.4,0,0,0,0,6.4,1.6,0,1.6,0
set522,3000,0,0,0,0,0,0,0,0,0,0,0,0,0,0,0,0,0,0,25
set523,0,200,0,30,0,2,2.5,0,0,0,0,0,0,0,0,32.5,0,0,12,0
set524,1337.6,0,0,0,0,0,0,0,0,0,0,0,0,0,0,0,0,0,0,0
set525,1287.5,0,0,0,0,0,0,0,90,0,0,0,0,0,0,9,0,0,0,0
set526,0,0,0,80.9,0,0,0,0,0,0,0,4.2,2,0,0,0,0,0,0,0
set527,5000,0,0,0,0,0,0,0,0,0,0,0,0,0,0,0,0,0,0,0
set529,0,0,2,500,0,4,1.7,0,0,0,3.6,1.6,0,0,0,3.5,0,0,7.7,0
set530,97,21.8,0,120,0,0,0,0,0,0,0,0,0,11,0,32.5,0,80,6,6
set531,0,227.8,2.1,0,9.7,5.8,2.1,0,2.1,0,0,0,0,0,0,72,0,0,0,0
set532,0,340,0,14,0,0,0,0,0,0,0,0,0,0,2,10.5,0,0,5,0
set534,0,105,5.5,154.3,0,0,17.5,360,0,42,0,0,0,0,16.5,25.2,29.6,0,6.3,0
set535,0,266.3,0,4.2,0,1.1,16,0,0,0,8.1,1.7,0,1.5,9.8,12.4,2.9,0,9.4,2.5
set536,0,150,0,15,0,0,12,0,0,0,0,0,0,0,0,0,3,0,0,0
set537,150,0,0,0,0,0,0,0,0,0,0,0,0,0,0,0,0,0,0,0
set538,800,0,0,0,0,0,0,0,0,0,0,0,0,0,0,0,0,0,0,0
set539,453,208.2,24.4,0,0,0,3.5,0,0,0,0,0,0,0,0,33,7.2,0,2.7,2.5
set541,800,0,0,0,0,0,0,0,0,0,0,0,0,0,0,0,0,0,0,0
set542,1500,0,0,0,3,0,0,0,0,90,0,3,4,0,0,0,21,0,0,0
set543,0,0,3,5,0,0,100,0,0,0,0,0,0,0,0,22,0,0,0,9
set545,100.3,161.5,0,8.4,0,0,32.2,0,0,0,0,0,0,0,4.3,6.9,0,0,1.5,1.2
set547,0,50,0,260,0,0,0,0,0,0,0,0,0,6,0,7,2,0,0,0
set552,0,79.8,2.2,0,0,0,0,0,1.2,0,0,0,0,0,0,1.1,0,0,0,0
set553,3000,0,0,0,0,0,0,0,0,0,0,0,0,0,0,0,0,0,0,0
set554,0,132,0,6.6,0,0,0,0,0,0,0,0,0,0,0,24,0,0,0,4
set556,6000,449.6,0,170,0,0,0,3.2,0,0,6.4,20,0,0,0,38.8,0,0,3.2,0
set557,400,0,0,0,0,0,0,0,0,0,0,0,0,0,0,0,0,0,0,0
set558,741.4,9,0,0,0,8,0,6.5,2,0,2.2,0,0,16.1,0,0,0,135.3,0,1.5
set559,0,148,0,0,0,0,0,0,0,0,0,0,0,0,0,17.5,8,0,7,0
set561,1400,11.7,0,0,0,0,174.6,0,0,0,186,0,0,25.3,0,50.2,3,0,0,26.5
set564,0,186,0,5,0,0,1.5,0,0,0,0,0,0,0,0,3.9,3.1,0,5,0
set565,928,150,2,20,0,1.7,21,0,0,0,0,0,0,0,0,20,0,0,0,0
set567,90,0,0,0,0,0,0,0,0,0,0,0,0,0,0,0,0,0,0,9
set569,0,0,39.8,148.9,4,0,14.4,2,1.3,0,0,1.6,0,0,81,1.4,2,2.2,68.1,6.4
set572,300,0,0,0,0,0,0,0,0,0,0,0,0,0,0,0,0,0,0,16
set573,2307.2,144.7,0,0,0,0,5.2,0,1.8,0,0,0,0,0,0,12.8,2,0,7.5,2.3
set574,0,180.6,0,60,0,0,0,0,0,0,0,0,0,0,0,14,3.5,0,0,0
set580,0,127.5,0,6,0,0,0,0,0,0,0,5,0,0,0,6,0,0,10,0
set581,0,106.5,0,4.2,0,165,2.2,0,0,0,0,0,0,0,3,43,0,0,3.4,4.5
set582,0,1549.2,0,152.5,0,0,0,0,0,0,0,25,0,0,7.5,6.2,0,0,0,0
set583,153.6,1.5,0,0,0,0,0,0,0,0,0,0,0,10.3,0,0,0,0,0,48
set585,0,125.5,6.5,69.2,0,86.4,7.8,0,1.5,107.1,1.6,9.4,1.5,0,1.2,55.1,7.8,3.5,16,0
set587,80,1097.5,0,25,0,0,2.8,0,0,0,0,0,0,1.5,0,22.8,0,0,0,0
set589,2300,0,0,0,0,0,0,0,0,0,0,0,0,0,0,0,0,0,0,0
set591,100,0,0,0,0,0,0,0,0,0,0,0,0,0,0,0,0,0,0,0
set592,0,100,0,0,0,0,2.2,0,2.4,0,0,10,0,0,0,1.1,0,1.2,0,0
set593,150,0,0,0,0,0,0,0,0,0,0,0,0,0,0,0,0,0,0,0
set594,295,1170,0,100,0,0,0,0,0,0,0,10,0,0,0,20,0,0,0,0
set595,2180,47.5,35.1,3.8,506,2.5,32,0,0,0,3,0,0,1.8,0,49.2,8.3,0,10.3,5.8
set596,0,219,0,3,0,0,1.2,0,0,0,0,0,0,0,0,0,0,0,0,0
set598,200,0,0,0,0,0,0,0,0,0,0,0,0,0,0,0,0,0,0,0
set601,180,0,0,0,0,0,0,0,0,0,0,0,0,8,0,0,0,0,0,0
set602,120,0,0,0,0,0,0,0,0,0,0,0,0,0,0,0,0,0,0,30
set605,0,94.5,0,4.8,0,4,0,0,0,0,0,0,0,0,0,107,1.2,0,21,0
set607,300,0,0,0,1.5,0,3,0,0,0,0,0,0,0,6,0,6,0,184.9,2.5
set608,368.6,0,0,0,0,0,0,0,0,0,0,2,0,0,0,0,0,0,0,6
set609,3000,0,0,0,0,0,0,0,0,0,0,0,0,0,0,0,0,0,0,0
set610,0,105,2.7,5,0,0,0,0,0,0,0,90,0,0,0,32.8,17,0,1.3,0
set611,97,130,0,0,0,0,2.3,0,0,0,6,0,0,0,0,6,0,0,0,0
set612,5624.8,3974.9,0,2,0,0,0,0,0,0,0,4,48,0,0,0,10,1.4,4.5,22.5
set613,262.4,0,0,0,0,0,0,0,0,0,0,0,0,0,0,0,0,0,0,0
set615,95,0,0,0,0,0,0,0,0,0,0,0,0,0,0,0,0,0,0,0
set618,500,0,0,0,0,0,0,0,0,0,0,0,0,0,0,0,0,0,0,0
set619,402,0,0,144,0,0,0,0,0,0,1,3.6,0,2.6,0,0,0,0,7.3,0
set621,0,45.2,0,0,0,0,0,0,0,0,0,0,0,0,0,111.6,0,0,1.2,0
set622,0,114,0,2.2,0,0,0,0,0,0,0,0,0,0,0,2.4,0,0,0,0
set623,17.4,12.1,0,0,0,21.9,0,4.2,2.6,0,255.2,0,0,9.5,0,7.9,0,3.1,4.2,28.9
set624,150,0,0,0,0,0,0,0,0,0,0,0,0,0,0,0,0,0,0,0
set626,6000,1.5,885,6.4,0,0,4,0,0,0,0,0,0,0,0,0,3,0,0,0
set630,220,0,0,0,0,0,0,0,0,0,0,0,0,0,0,0,0,0,0,0
set631,0,127.8,0,2,0,0,64.9,0,0,0,0,0,0,0,1.2,2.4,1.6,0,1.7,0
set632,0,115.5,0,54.5,0,0,1.8,0,0,0,0,0,0,0,0,0,0,0,2,0
set634,85,0,0,0,0,0,0,0,0,0,0,0,0,0,0,0,0,0,0,8
set636,368,178.5,0,9.7,48,0,4.1,0,2.5,0,0,0,0,27.3,0,6,5,6.3,5.6,3.5
set637,1500,0,0,300,0,0,1.6,0,0,0,0,0,0,0,0,13.7,1.9,0,4.1,0
set639,79.7,3282.4,1.9,0,3.6,0,0,0,0,0,0,0,0,0,0,0,0,0,0,0
set641,0,231,6,0,0,0,9.7,0,0,0,0,0,0,42.9,0,16.5,2.1,0,15.6,1.6
set642,4400,0,0,0,0,0,0,0,0,0,0,0,0,0,0,0,0,0,0,0
set643,97,0,0,0,0,0,0,0,0,0,9.4,0,0,0,0,0,0,0,0,0
set644,0,3.2,0,160,1.2,0,95,0,0,0,2,0,0,0,3.2,18.2,1.2,0,2,22.5
set645,84,0,0,0,0,0,0,0,0,0,0,0,0,0,0,0,0,0,0,0
set646,90,0,0,0,0,0,0,0,0,0,0,0,0,0,0,0,0,0,0,3
set647,0,467,0,16,0,0,0,0,0,0,0,0,0,0,0,0,0,0,0,0
set648,3000,0,0,0,0,0,0,0,0,0,0,0,0,0,0,0,0,0,0,0
set649,0,196,0,3.2,0,0,7.2,0,0,0,0,0,0,0,0,2.2,0,0,5.6,1.6
set650,0,0,0,0,0,3,0,0,0,4.5,0,7,8.5,0,0,0,8.8,160,0,0
set651,100,600,0,300,0,0,0,0,0,0,0,20,0,0,0,25,0,0,0,0
set652,217,0,0,0,0,0,0,0,0,0,0,0,0,0,0,0,0,0,0,0
set653,1600,136.5,0,0,0,7,0,0,0,0,0,0,0,0,0,79.3,0,0,12,0
set655,600,0,0,0,0,0,0,0,0,0,0,0,0,0,0,0,0,0,0,0
set657,1600,193.2,4.5,6.6,6,0,1.5,0,0,0,0,0,0,0,0,14.3,19.6,4,6,0
set658,150,0,0,0,0,0,0,0,0,0,0,0,0,0,0,0,0,0,0,0
set660,2758,108,0,57.7,0,0,1.3,0,0,0,0,0,0,1.5,5.5,14.9,0,0,0,0
set661,150,261,4.5,23,326.3,0,8,0,0,0,0,0,0,0,105,19.1,31.1,3.9,9.1,0
set662,3.5,130,7.5,0,0,6,5,0,0,0,0,130,0,1.5,0,17.5,2.7,0,0,0
set663,550,950,0,30,0,0,0,0,0,0,0,10,0,0,0,20,0,0,0,0
set664,0,148.5,14,167.3,0,6,1.3,0,0,0,6.5,148,21,4.4,0,6.3,8,0,11,3
set665,0,200,0,4,0,0,0,0,0,0,4.5,0,0,0,0,15,0,0,4,0
set667,500,0,0,0,0,0,0,0,0,0,0,0,0,0,0,0,0,0,0,0
set669,1.5,3.5,0,2,120,0,24,0,0,0,30,0,0,8.1,0,14,0,18,7,87
set670,0,279,2,18,0,0,19,0,4.3,0,0,0,0,0,12,1.5,110,0,0,2
set673,3.4,115.6,0,0,0,0,30,0,0,0,0,0,0,0,0,9.9,5,0,0,0
set674,0,11.5,0,0,0,0,0,0,0,2.2,0,0,0,12,0,29,0,0,8,140
set675,200,0,0,0,0,0,0,0,0,0,0,0,0,0,0,0,0,0,0,0
set676,0,0,0,3.8,0,0,17.1,0,0,0,0,0,0,0,13.2,0,3.5,9.9,91.4,0
set678,100,0,0,0,0,0,0,0,0,0,0,0,0,0,0,0,0,0,0,0
set679,0,1000,0,25,200,0,20,0,0,0,0,10,0,0,0,55,3.5,0,0,29
set680,1380,14.1,0,1.1,0,2,0,0,0,0,0,0,0,3.5,0,243.4,1.8,0,13.1,3.8
set681,3501,0,0,0,0,0,0,0,0,0,0,1.5,0,7,0,0,0,0,0,0
set682,700,0,0,0,0,0,0,0,0,0,0,0,0,0,0,0,0,0,0,0
set683,153.6,0,9,120,0,0,2,0,2,0,0,0,0,0,0,0,0,0,0,0
set684,264,221.2,0,4,0,0,0,0,0,0,0,0,0,0,0,3,0,0,6,0
set685,5200,0,0,0,0,0,25,0,0,0,0,0,0,0,0,0,0,0,0,15
set686,537.6,350,0,5,0,7.5,16,0,0,0,0,0,0,0,0,2.5,2.5,0,0,0
set687,80,0,92.5,0,0,0,0,0,120,0,0,0,0,0,1.7,2.4,0,0,0,2
set688,0,105.4,0,0,44.8,0,3.3,0,0,0,0,0,0,0,0,0,1.2,0,2.1,3
set689,500,0,0,0,0,0,0,0,0,0,0,0,0,0,0,0,0,0,0,0
set691,2650,0,0,0,0,0,0,0,0,0,0,0,0,0,0,0,0,0,0,13
set692,400,0,0,0,0,0,0,0,0,0,0,0,0,0,0,0,0,0,0,0
set693,0,80.6,0,0,1.5,0,0,0,0,0,0,0,0,0,0,15.3,4.8,0,9.6,1.5
set694,244.4,1701,0,12,0,0,1.2,0,0,0,3.8,1.3,0,0,0,31.5,0,0,2.5,1.6
set695,100,0,0,0,0,0,0,0,0,0,0,0,0,0,0,0,0,0,0,0
set696,90,0,0,0,0,0,0,0,0,0,15,0,0,2,0,0,0,0,6,15.2
set697,0,980,0,180,0,0,0,0,0,0,0,20,0,0,0,20,0,0,0,0
set700,0,700,0,20,0,0,0,0,0,0,0,0,0,0,0,20,0,0,0,0
set701,255,0,0,0,0,0,0,0,0,0,0,0,0,7.1,0,0,0,0,0,12
set703,0,0,0,0,0,0,0,0,320,0,0,0,0,0,0,0,0,0,0,0
set706,102.5,0,0,0,361.7,1.2,13.4,0,10,0,0,0,0,0,0,1.6,0,1.2,0,0
set707,0,4483.9,0,0,30,0,12.5,7.5,0,0,0,0,0,0,25,7.5,56,0,0,0
set708,0,240,0,2.5,0,0,0,0,0,0,0,0,0,0,0,8.2,6.2,0,5,0
set710,0,84,0,0,0,0,7.5,0,0,0,0,0,0,0,10,7.5,32,0,0,0
set712,420,167.5,0,12,0,0,0,0,4,0,0,0,0,0,0,43.2,0,0,0,0
set714,2632.1,0,0,0,0,0,0,0,0,0,0,0,0,0,0,0,0,0,0,15
set715,313.6,0,0,0,0,0,0,0,0,0,0,0,0,0,0,0,0,0,0,0
set716,135,0,0,0,0,0,0,0,0,0,0,0,0,0,0,0,0,0,0,1.2
set717,700,0,0,0,0,0,0,0,0,0,0,0,0,0,0,0,0,0,0,0
set719,0,93.5,0,0,0,0,1.2,0,0,0,0,0,0,0,0,90,1.5,0,2,0
set720,1200,128.2,0,3.2,5,0,13.3,0,0,0,0,1.4,0,0,21,10,0,1.3,9,3.3
set722,1800,0,0,0,0,0,0,0,0,0,0,0,0,0,0,0,0,0,0,0
set723,140,0,0,0,0,0,0,0,0,0,0,0,0,0,0,0,0,0,0,60
set725,400,0,0,0,0,0,0,0,0,0,0,0,0,20,0,0,0,0,0,0
set726,2000,0,0,0,0,0,0,0,0,0,0,0,0,0,0,0,0,0,0,0
set728,288,0,0,0,0,0,7,0,0,0,1.6,0,0,0,6,0,85,5,7,0
set729,150,0,0,0,0,0,0,0,0,0,0,0,0,0,0,0,0,0,0,0
set730,2378.8,0,0,0,0,0,0,0,0,0,0,0,0,0,0,0,0,0,0,53
set731,600,93.8,0,0,0,0,0,0,0,0,0,0,0,0,0,24,0,0,3,2
set732,0,330,0,0,0,0,0,0,0,18,0,0,0,0,0,10.8,0,0,10,0
set733,1100,0,0,0,0,0,0,0,0,0,0,0,0,0,0,0,0,0,0,0
set734,980,0,0,0,0,0,0,0,0,0,0,0,0,0,0,0,0,0,0,45
set737,3000,0,0,0,0,0,0,0,0,0,0,0,0,0,0,0,0,0,0,0
set739,0,2,0,319,0,0,123,0,0,0,0,0,6.8,0,0,22,3.4,0,10.4,0
set740,300,0,0,0,0,0,0,0,0,0,0,0,0,15,0,0,0,0,0,0
set742,0,11.2,0,2.7,0,0,0,0,0,0,0,0,0,0,0,94.9,0,0,10,1.2
set743,0,0,0,0,0,0,3.9,0,0,0,0,0,0,0,0,0,4,0,89.7,12
set747,299.4,0,0,0,0,0,0,0,0,0,0,0,0,8.4,0,0,0,6,0,0
set748,702.4,87.1,0,1.6,0,2.5,21.6,0,0,0,0,0,0,76.9,1.9,7.4,0,110,5.3,0
set749,0,0,0,0,0,0,0,0,0,90,0,18,0,0,2.5,0,0,0,0,0
set750,0,0,0,150,0,60,0,0,0,0,0,0,0,0,0,0,0,0,0,0
set752,2500,0,0,0,0,0,0,0,0,0,0,0,0,0,0,0,0,0,0,0
set754,0,4.5,0,3.7,0,0,23.5,0,0,0,0,0,0,120,12,20,91,1.5,0,2
set756,124.8,0,0,0,0,0,0,0,0,0,0,0,0,0,0,0,0,0,0,0
set757,390,0,0,0,0,0,0,0,0,0,0,0,0,0,0,0,0,0,0,5
set758,0,0,0,0,0,0,0,0,0,0,0,0,0,0,103,0,30.5,0,0,0
set759,2500,0,0,0,0,0,0,0,0,0,0,0,0,0,0,0,0,0,0,0
set761,3167,245,0,100,0,9,9.5,0,0,0,0,0,0,0,0,57,13.8,0,8.2,2.3
set762,0,0,234.6,3.5,0,0,37.5,0,0,0,0,0,0,0,0,0,3,0,0,0
set763,102,3,0,0,0,0,0,2.5,0,0,32,0,0,5,0,0,0,0,0,3
set764,2595.2,0,0,0,0,0,0,0,0,0,0,0,0,0,0,0,0,0,0,0
set765,300,0,0,0,0,0,0,0,0,0,0,0,0,0,0,0,0,0,0,0
set766,156,305,0,8,12.5,0,83,0,0,0,41.5,0,0,0,2,21,8.4,0,14,3
set767,1.6,9,0,0,0,0,0,0,0,0,264,0,0,91.6,0,21.4,0,0,5.1,81.3
set770,100,0,0,0,0,0,0,0,0,0,0,0,0,0,0,0,0,0,0,0
set772,2600,0,0,0,0,0,3,0,0,0,0,0,0,0,0,0,0,0,0,0
set774,0,3.2,35.6,127.5,0,0,5.2,0,0,0,60,0,0,57.5,0,2.3,1,3.1,4.3,150
set775,0,75,0,90,0,0,3.8,0,2,0,0,0,0,0,0,3,0,0,3,0
set776,300,0,0,0,0,0,0,0,0,0,0,0,0,0,0,0,0,0,0,0
set777,0,336.9,0,6,0,0,0,0,0,0,0,0,0,0,0,13.9,0,0,0,2.3
set778,1100,1309.4,0,0,0,0,0,0,0,0,0,0,0,0,0,0,0,0,0,0
set779,0,597.5,0,2,0,0,0,0,0,0,0,0,0,0,0,0,0,0,0,0
set780,1800,130,0,0,0,0,3.5,0,0,96,0,0,0,2,15,0,6,0,0,0
set781,80,0,0,0,0,0,0,0,0,0,0,0,0,0,0,0,0,0,0,70
set782,300,27,0,0,90,0,9.3,0,0,0,0,2.3,0,2.8,0,7.2,0,0,4,3.2
set783,2500,0,0,0,0,0,0,0,0,0,0,0,0,0,0,0,0,0,0,0
set785,0,96.5,0,8.5,0,0,3.4,0,0,0,0,0,0,0,0,6.5,0,0,0,0
set786,3400,0,0,0,0,0,0,0,0,0,0,0,0,0,0,0,0,0,0,0
set788,144,131.2,0,0,0,0,0,0,0,0,0,0,0,3.6,0,24,1.8,0,10,3
set789,106.2,90,1.5,0,0,0,0,0,0,0,0,0,0,0,0,7,0,0,4,0
set790,890,356.4,0,3.2,1.5,1.6,8.7,0,0,0,0,0,0,4.8,5,14.5,0,0,9,105.5
set791,3,11.2,0,108,0,0,0,2.6,0,0,57.5,0,0,28.6,0,0,0,0,0,20
set792,130,6,68,135,0,0,15,0,0,0,0,0,0,0,0,2,2,0,2,0
set793,9300,0,0,0,0,0,0,0,0,0,0,0,0,0,0,0,0,0,0,0
set794,0,4.2,0,0,0,0,0,0,0,0,11,0,0,6.1,0,6.6,0,0,6,135
set797,400,0,0,0,3,0,32.2,0,0,0,0,2,0,0,0,0,84,0,3,0
set799,150,0,0,0,0,0,0,0,0,0,0,0,0,0,0,0,0,0,0,0
set800,150,0,0,0,0,0,0,0,0,0,0,0,0,0,0,0,0,0,0,0
set801,380,0,0,0,0,0,0,0,0,0,0,0,0,0,0,0,0,0,0,115
set802,68.2,4.5,0,0,0,0,0,3,0,0,0,0,0,52.1,0,0,0,63.2,0,120
set803,500,0,0,0,0,0,3,0,0,0,0,0,0,0,15,0,85.5,1.8,0,0
set806,116,0,0,0,0,0,0,0,0,0,0,0,0,0,0,0,0,0,0,0
set807,2200.2,1.5,0,0,0,4.5,0,0,0,0,175,2,0,27,0,0,0,0,0,10
set811,0,155.4,6,0,0,0,1.2,0,0,0,1.6,0,0,3.7,0,18.5,3.9,0,8.4,1.6
set812,400,0,0,0,0,0,0,0,0,3.6,0,0,3.2,0,0,0,6.3,141,0,0
set813,0,18,0,30.2,0,0,2.5,0,0,0,0,0,0,0,0,99,0,0,3.6,0
set815,1000,0,5,25,0,0,0,0,0,0,0,80,10,0,0,0,0,0,0,22
set816,0,12.8,0,0,0,0,0,0,0,0,100,0,0,33.6,0,12.5,0,0,0,7.5
set818,1,100,0,200.2,0,0,0,0,0,0,0,0,0,0,0,0,0,0,0,0
set819,83.2,0,1.5,0,82.5,15,50,0,0,0,0,0,0,0,0,10,0,0,0,0
set820,0,3400,0,33,0,0,3.5,0,0,0,0,0,0,0,0,0,0,2.5,0,0
set821,0,0,0,2,0,12.3,0,0,0,0,0,91.2,0,0,0,0,14,0,1.5,4
set822,0,0,1.2,90,0,0,2.5,0,0,0,2.5,0,0,0,0,2.5,0,0,0,0
set826,3000,0,0,0,0,0,0,0,0,0,0,0,0,0,0,0,0,0,0,0
set827,0,350,0,8,0,0,1.5,0,0,0,0,3,0,0,2.5,0,10,0,0,0
set828,0,160.5,0,86.9,30,0,10.5,0,0,0,0,1.6,0,0,0,21,9,0,10,18
set830,250,0,0,0,0,0,0,0,0,0,0,0,0,0,0,0,0,0,0,0
set831,0,28.2,0,0,0,0,0,0,0,0,0,0,0,5.2,0,7.2,0,1,105,0
set834,0,0,3.3,0,0,0,0,0,0,0,3.3,0,3.3,0,23.1,0,6.6,85.8,3.3,0
set836,591.6,3.6,0,0,0,0,0,0,0,0,0,0,0,0,0,1.5,0,0,0,12
set837,520,90,0,0,0,0,0,0,0,0,0,0,0,0,0,3.5,0,0,1.5,0
set838,800,0,0,0,0,0,0,0,0,0,0,0,0,0,0,0,0,0,0,0
set839,0,1261.8,0,82.6,15,0,27.9,0,0,0,0,2,0,0,5,9.6,4.6,0,11.9,1.7
set840,300,0,0,0,0,0,0,0,0,0,0,0,0,9,0,0,0,0,0,0
set841,0,0,0,0,0,0,3.8,0,0,0,1.5,0,0,0,15,0,83,1.1,1.4,0
set843,4500,0,6,0,0,4,100.5,0,0,0,0,0,0,0,0,0,3,0,3,0
set844,425.6,0,0,0,0,0,0,0,0,0,0,0,0,0,0,0,0,0,0,2.5
set845,0,0,2,15,0,0,0,0,0,120,1.5,0,1.5,0,2.5,0,3,0,0,0
set846,0,210,0,1.2,18,0,9.6,0,0,0,0,0,0,0,0,7,8,0,0,0
set847,2201.6,0,0,0,0,0,0,0,1.5,0,0,0,0,0,0,0,0,0,0,7.5
set848,0,78.7,0,1.9,0,0,2.8,0,0,0,1.2,0,0,1.6,0,17.3,7,0,7,4.9
set849,0,81.7,2.4,559,36,0,129.6,0,5,2.6,26.8,0,0,0,0,142.5,3.3,0,5.5,0
set850,0,87.5,0,4,0,0,3.5,0,0,0,0,0,0,0,0,6.6,0,0,0,0
set851,371.2,0,0,0,0,0,0,0,0,0,0,0,0,0,0,0,0,0,0,0
set852,0,0,0,1.2,0,0,2,0,100,0,0,0,0,0,0,1.3,0,0,0,1.2
set853,0,240.8,0,0,0,0,39.9,0,0,0,0,0,0,0,0,19.8,10.5,0,0,0
set854,2.5,3.8,0,13.5,4.2,4.7,5.2,16.6,1.5,0,100,0,0,51.7,93,0,36.5,124.1,6.1,10
set855,4434.8,0,0,0,0,0,0,0,0,0,0,0,0,0,0,0,0,0,0,0
set856,0,380,0,10,0,0,0,0,0,0,0,0,0,0,0,10,0,0,0,0
set859,0,19.5,15,495,0,63,5.5,1.5,0,0,3,0,0,0,20,3.5,0,0,25,0
set861,591.5,0,0,0,0,0,0,0,0,0,0,0,0,0,0,0,0,0,0,2
set862,444,0,0,0,0,0,0,0,0,0,0,0,0,0,0,0,0,0,0,2.5
set863,0,70,0,127,21,0,0,0,0,0,4.5,0,0,15,0,9,0,0,3,0
set864,0,102,2.5,6.5,0,0,0,0,0,0,0,0,0,0,0,0,0,0,0,0
set865,4200,0,0,0,0,88,0,0,0,0,0,0,0,0,3,0,0,0,2,0
set867,2500,0,0,0,0,0,0,0,0,0,0,0,0,0,0,0,0,0,0,0
set870,220,0,0,0,0,0,0,0,0,0,0,0,0,0,0,0,0,0,0,2
set872,312.4,500,13.5,33.6,30,0,1.8,0,0,0,0,16.4,6,0,0,65,6,0,2.5,3
set874,384,0,0,0,0,0,0,0,0,0,0,0,0,0,0,0,0,0,0,0
set876,1.5,88.5,3.8,14.1,0,0,0,0,0,0,0,0,0,0,0,168,1.9,0,2.2,1.2
set878,495.9,0,0,0,0,0,100,0,0,0,0,2,0,0,0,0,0,0,0,0
set879,800,0,0,0,0,0,0,0,0,0,0,0,0,0,0,0,0,0,0,0
set881,0,8,0,180,0,0,0,0,0,0,0,0,0,0,0,3.2,0,0,13,0
set882,0,0,0,0,160,0,21,0,0,0,0,0,0,0,15,0,4,1.5,0,0
set883,40,2456.9,0,2.2,3,0,0,0,0,0,220,0,0,7,0,0,1.5,1.2,20,5
set884,0,0,0,2,0,0,0,0,0,2,0,90,0,0,0,4,13,0,10,0
set885,0,4.5,13,110,0,0,0,0,0,0,0,0,1.7,4.5,0,1.3,0,1.5,0,140
set886,0,31.8,2.5,244.3,0,1.5,1.5,0,90,0,0,0,0,6.8,0,28.5,0,0,111,27.1
set889,0,400,0,270,0,0,0,0,0,0,0,14,0,0,4,12,0,0,0,0
set890,250,0,0,0,0,0,40,0,0,0,0,0,0,0,0,0,0,0,0,0
set893,3037.5,8,0,0,0,1.8,0,1.5,0,0,36,0,0,79.1,0,0,0,81.3,0,31.9
set895,0,0,6.4,0,0,550.4,0,0,0,0,0,0,0,0,0,0,3.2,0,0,0
set896,0,3,0,3.2,0,1.5,0,0,0,0,0,0,0,0,0,85,0,0,2,0
set897,0,103.5,0,13,0,0,4,0,0,0,6.5,0,0,5,0,15.4,0,0,0,3
set898,7500,64.5,0,4.5,0,0,4,0,0,0,0,0,0,0,0,188.8,1.4,0,0,0
set900,150.5,13.5,0,240,0,0,0,1.2,0,0,153,0,2,20,0,13,6,4,19.3,25.9
set901,98.2,0,0,0,0,0,0,0,180,0,0,0,0,0,0,0,0,0,0,0
set902,0,0,0,0,78.8,0,3,0,0,0,0,0,10,0,0,0,17.5,0,0,0
set903,0,0,0,0,0,0,93,0,0,0,24,0,0,0,0,30,120,0,0,0
set904,1250,0,0,0,0,0,0,0,0,0,0,0,0,0,0,0,0,0,0,0
set905,1404,0,0,0,0,0,0,0,0,0,0,0,0,0,0,0,0,0,0,0
set906,4723.2,0,0,0,0,0,0,0,0,0,0,0,0,0,0,0,0,0,0,2.8
set907,617.6,0,0,0,0,0,1.8,0,0,0,0,0,0,0,0,0,103,0,20.3,0
set908,320,0,0,0,0,0,0,0,0,0,0,0,0,175,0,0,0,0,0,50
set911,1450,0,10,50,0,0,2,0,0,0,6.5,274,6,7,0,2.5,5.5,0,0,2.5
set912,1884,0,0,475.6,0,179.2,1.6,0,0,0,0,50,0,0,0,0,0,0,54.4,7.5
set913,0,2,0,290,0,0,0,0,0,0,0,0,0,0,0,6.5,0,0,2,0
set914,1427,0,89.2,2.1,0,0,6.3,0,0,0,0,0,0,0,0,0,0,0,5.6,10
set915,0,0,12,0,0,3,0,0,0,5,0,25,2,0,0,0,8,0,80,0
set917,0,13.2,0,3,0,0,1.6,0,0,0,0,0,0,0,0,90,0,0,2.5,0
set918,577.5,0,0,0,0,0,1.2,0,2.5,0,0,0,0,0,0,0,78,0,3,0
set919,40,151.5,13.5,589.5,115.2,0,15.1,0,0,28,1.7,148.2,2,0,0,26.6,4.2,0,3.5,1.5
set920,0,0,0,0,0,0,0,0,0,0,0,2.5,0,0,0,0,96,0,0,0
set922,1224,0,0,0,0,0,0,0,0,0,0,0,0,7.7,0,0,0,0,0,2
set923,2680,0,0,0,0,0,0,0,0,0,0,0,0,0,0,0,0,0,0,20
set924,3317,0,1.2,0,0,0,0,0,0,0,0,0,0,8,0,0,0,0,0,16.6
set926,115.5,0,80.8,6.5,0,0,18.3,4.5,0,1.4,11.3,73.7,0,44.4,22,14,43.2,21,158.5,34.5
set927,1490,0,0,0,0,0,0,0,0,0,0,0,0,0,0,0,0,0,0,35
set929,120,100,0,3.5,0,0,4.8,0,0,0,0,0,0,7,112,60,2,1.5,8,8
set932,0,208.5,0,6,0,7,0,0,1.4,0,0,0,0,8,0,59.4,0,39,9.7,105.3
set935,300,0,0,0,0,0,0,0,0,0,0,0,0,0,0,0,0,0,0,1.8
set936,0,116.8,0,0,0,0,0,0,0,0,0,0,0,0,0,10.4,0,0,3,1.1
set940,2235,178.5,1.2,0,0,0,17,0,0,0,0,0,0,2.6,0,9.6,3.3,0,0,2.5
set942,0,1275,0,80,0,0,0,0,0,0,0,25,0,0,5,15,0,0,0,0
set944,200,0,0,0,0,0,0,0,0,0,0,0,0,0,0,0,0,0,0,5
set945,0,0,0,14,621,0,45,0,0,0,11,0,0,0,0,15,11,0,0,0
set946,200,0,0,0,0,0,0,0,0,0,0,0,0,0,0,0,0,0,0,0
set947,0,79.8,0,6,532,0,7.2,0,0,0,2.5,0,0,0,0,1.5,2.7,1.5,3,0
set948,5,110.1,0,7.6,0,0,0,0,1.2,0,171,0,0,5,0,104.4,0,0,7,4
set952,0,84,8,22.8,102,0,4.5,0,0,0,0,0,0,0,0,25.8,11.9,0,0,0
set953,0,381,0,32.3,0,0,3.9,0,0,0,0,4.7,3,0,1.5,0,4.5,5.9,79.5,0
set954,0,0,0,0,189,0,6.8,0,0,0,0,0,0,0,0,2.2,0,0,0,2.5
set955,295,85,0,0,9.6,0,0,0,0,0,0,0,0,0,0,27,0,0,0,14.6
set957,0,0,0,0,10,0,101.5,0,0,0,6.5,0,0,0,0,0,15,0,0,0
set959,0,425,0,2.5,0,0,10,0,0,0,0,0,0,0,0,25,0,0,0,15
set961,347,0,0,0,0,0,0,0,0,0,0,0,0,0,0,0,0,0,0,0
set962,200,0,0,0,0,0,0,0,0,0,0,0,0,0,0,0,0,0,0,0
set963,2000,0,0,0,0,0,0,0,0,0,0,0,0,0,0,0,0,0,0,0
set964,413.3,3.3,0,9.3,0,45.1,7,3.4,6.1,0,140.2,0,0,4,0,7,0,28.1,90.2,18.1
set967,210,123.1,22.4,0,0,0,0,0,0,0,0,0,0,1.7,0,32,1.1,0,3,2.5
set968,125,0,30,100,0,0,2,0,3,0,0,0,0,0,0,1.6,0,0,0,0
set969,237.6,0,0,0,0,0,0,0,0,0,0,0,0,0,0,0,0,0,0,0
set970,0,94.9,4.8,0,0,0,0,0,0,0,0,0,0,0,0,6.6,3.9,0,3,3
set972,118.3,130,0,18,0,0,0,0,0,0,3,0,0,0,0,12,3,0,18,0
set973,1600,92.8,0,0,32,0,6,0,0,0,0,0,0,0,0,50,1.5,0,0,11
set974,123.5,14.2,0,0,2,35.5,0,1.8,2.3,0,86.4,0,0,26.6,0,0,88,4.3,0,30.4
set976,0,0,16.5,0,0,0,0,0,0,300,0,0,0,0,0,0,2,0,0,0
set978,190,0,0,2,4,0,80,0,0,0,16,0,0,2.8,0,6,3.6,0,0,4.3
set979,0,360,0,182,0,0,8,0,0,0,5,27,0,10,0,0,0,0,4.5,0
set981,270,0,0,0,0,0,0,0,0,0,0,0,0,0,0,0,0,0,0,130
set982,1050,0,0,0,0,0,0,0,0,0,0,0,2,45,0,0,0,0,0,85
set985,117.8,0,0,0,0,0,0,0,0,0,0,0,0,0,0,0,0,0,0,0
set986,800,0,0,0,0,0,0,0,0,0,0,0,0,0,0,0,0,0,0,0
set988,22.4,0,0,0,0,0,0,0,0,0,0,0,268.8,0,0,0,0,0,0,2.8
set989,144.3,0,0,0,0,0,0,0,0,0,0,0,0,0,0,0,0,0,0,0
set990,153.6,4.5,0,0,0,0,0,0,0,0,0,0,0,1.7,0,0,0,0,0,33
set992,0,100,0,0,0,1.5,2.9,0,0,0,0,0,0,1.6,0,28,1.5,0,13.5,8
set993,310.4,0,0,0,0,0,0,0,0,0,0,0,0,0,0,0,0,0,0,0
set995,400,0,0,0,0,0,3.5,0,0,2,0,200,0,0,0,0,7,0,0,10
set996,700,200,0,9,0,0,2.5,0,0,0,0,0,3.5,0,0,27,3.5,0,2.5,20.2
set997,45,0,0,0,0,0,9.9,0,0,0,0,0,0,249,0,0,0,0,0,0
set998,300.7,1234.4,2,695,2,0,3.8,0,125,0,2.6,54,0,5.8,0,6.5,1.9,0,3,3.5
